"Sr. No.","Work category","WORK","State","IDA","Hon'ble Members of Parliament","Constituency","Work description","Recommended date","RECOMMENDED AMOUNT   ( ₹ )","Sanction Date"
"1","Normal/Others","WS/MP18157/2025-2026/239322-Construction of community centers and community halls","Punjab","LUDHIANA(DEPUTY COMMISSIONER LUDHIANA_IDA)","AMRINDER SINGH RAJA WARRING","LUDHIANA","Construction of New Building of Baba Sahib Dr. Bhim Rao Ambedkar Bhawan, Vill. Mansuran, Block Ludhiana-1, Distt. Ludhiana","01-Oct-2025","1000000","24-Nov-2025"
"2","Trust and Society","WS/MP18157/2026-2027/269093-Construction of community centers and community halls","Punjab","LUDHIANA(DEPUTY COMMISSIONER LUDHIANA_IDA)","AMRINDER SINGH RAJA WARRING","LUDHIANA","Construction of Library Room in Baba Banda Singh Bahadur Charitable Trust, Vill. Raqba, Block Sudhar, Distt. Ludhiana","17-Feb-2026","500000","19-Jun-2026"
"3","Trust and Society","WS/MP18157/2026-2027/276323-Construction of community centers and community halls","Punjab","LUDHIANA(DEPUTY COMMISSIONER LUDHIANA_IDA)","AMRINDER SINGH RAJA WARRING","LUDHIANA","Construction of New Building In Shri Radhey Krishna Gaudham Trust (Regd.) Vill. Kaind, Block Ludhiana-1 Distt. Ludhiana","30-Mar-2026","500000","17-Jul-2026"
"4","Normal/Others","WS/MP18157/2026-2027/287244-Construction of community centers and community halls","Punjab","LUDHIANA(DEPUTY COMMISSIONER LUDHIANA_IDA)","AMRINDER SINGH RAJA WARRING","LUDHIANA","Construction of New Room In Community Centre in Village Chimna, Block Jagraon, Distt. Ludhiana","19-Jun-2026","500000","24-Aug-2026"
"5","Normal/Others","WS/MP18157/2025-2026/188709-Construction of public libraries and reading rooms","Punjab","LUDHIANA(DEPUTY COMMISSIONER LUDHIANA_IDA)","AMRINDER SINGH RAJA WARRING","LUDHIANA","Construction of New Library Room In Vill. Ratan, Block Pakhowal, Distt. Ludhiana","02-Apr-2025","200000","09-May-2025"
"6","Normal/Others","WS/MP18157/2025-2026/232169-Construction of public libraries and reading rooms","Punjab","LUDHIANA(DEPUTY COMMISSIONER LUDHIANA_IDA)","AMRINDER SINGH RAJA WARRING","LUDHIANA","Construction of New Library Room In Village Rattan, Block Pakhowal, Distt. Ludhiana","08-Sep-2025","200000","23-Dec-2025"
"7","Normal/Others","WS/MP18157/2025-2026/232171-Construction of public libraries and reading rooms","Punjab","LUDHIANA(DEPUTY COMMISSIONER LUDHIANA_IDA)","AMRINDER SINGH RAJA WARRING","LUDHIANA","Construction of New Library Room In Vill. Chokkar, Block Pakhowal, Distt. Ludhiana","08-Sep-2025","200000","23-Dec-2025"
"8","Normal/Others","WS/MP18157/2025-2026/198807-Construction of common work sheds/ common covered sitting area","Punjab","LUDHIANA(DEPUTY COMMISSIONER LUDHIANA_IDA)","AMRINDER SINGH RAJA WARRING","LUDHIANA","Construction of Shelter at SC Shamsham Ghat, Vill. Mullanpur, Block Sudhar, Distt. Ludhiana.","13-May-2025","400000","10-Jul-2025"
"9","Normal/Others","WS/MP18157/2025-2026/193158-Construction of common work sheds/ common covered sitting area","Punjab","LUDHIANA(DEPUTY COMMISSIONER LUDHIANA_IDA)","AMRINDER SINGH RAJA WARRING","LUDHIANA","Construction of Shelter at Shamshanghat, Vill. Bhaini Gujjran, Block Sidhwan Bet Distt. Ludhiana","22-Apr-2025","200000","08-May-2025"
"10","Normal/Others","WS/MP18157/2025-2026/198799-Construction of common work sheds/ common covered sitting area","Punjab","LUDHIANA(DEPUTY COMMISSIONER LUDHIANA_IDA)","AMRINDER SINGH RAJA WARRING","LUDHIANA","Construction of Shelter at Shamshanghat, Vill. Walipur Kalan, Block Sidhwan Bet, Distt. Ludhiana.","13-May-2025","300000","17-Oct-2025"
"11","Normal/Others","WS/MP18157/2025-2026/188716-Construction of common work sheds/ common covered sitting area","Punjab","LUDHIANA(DEPUTY COMMISSIONER LUDHIANA_IDA)","AMRINDER SINGH RAJA WARRING","LUDHIANA","Construction of Shelter at General Shamshanghat, Vill. Akkuwal, Block Sidhwan Bet, Distt. Ludhiana.","02-Apr-2025","200000","08-May-2025"
"12","Normal/Others","WS/MP18157/2025-2026/188765-Construction of common work sheds/ common covered sitting area","Punjab","LUDHIANA(DEPUTY COMMISSIONER LUDHIANA_IDA)","AMRINDER SINGH RAJA WARRING","LUDHIANA","Construction of Shelter at Shamshanghat, Vill. Bassian Bet, Block Sidhwant Bet, Distt. Ludhiana.","02-Apr-2025","400000","08-May-2025"
"13","Normal/Others","WS/MP18157/2025-2026/241177-Construction of common work sheds/ common covered sitting area","Punjab","LUDHIANA(DEPUTY COMMISSIONER LUDHIANA_IDA)","AMRINDER SINGH RAJA WARRING","LUDHIANA","Construction of Shelter In Cremation Ground, Vill. Allowal, Block Ludhiana-1, Distt. Ludhiana","09-Oct-2025","300000","24-Nov-2025"
"14","Normal/Others","WS/MP18157/2025-2026/232175-Construction of common work sheds/ common covered sitting area","Punjab","LUDHIANA(DEPUTY COMMISSIONER LUDHIANA_IDA)","AMRINDER SINGH RAJA WARRING","LUDHIANA","Construction of Shelter In SC Shamshan ghat, Vill. Mullanpur, Block Sudhar, Distt. Ludhiana","08-Sep-2025","200000","13-Nov-2025"
"15","Normal/Others","WS/MP18157/2026-2027/276294-Construction of common work sheds/ common covered sitting area","Punjab","LUDHIANA(DEPUTY COMMISSIONER LUDHIANA_IDA)","AMRINDER SINGH RAJA WARRING","LUDHIANA","Construction of Shelter in SC Shamshan Ghat In Vill. Malak, Block Jagraon, Distt. Ludhiana","27-Mar-2026","350000","11-Jun-2026"
"16","Normal/Others","WS/MP18157/2025-2026/241176-Construction of additional rooms and halls in the existing public and community building","Punjab","LUDHIANA(DEPUTY COMMISSIONER LUDHIANA_IDA)","AMRINDER SINGH RAJA WARRING","LUDHIANA","Construction of New Building of The Dolon Kalan Multipurpose CO-OP Agri. Society Ldh. In Vill. Dolon Kalan, Block Ludhiana-1, Distt. Ludhiana","09-Oct-2025","250000","24-Nov-2025"
"17","Normal/Others","WS/MP18157/2026-2027/260380-Construction of additional rooms and halls in the existing public and community building","Punjab","LUDHIANA(DEPUTY COMMISSIONER LUDHIANA_IDA)","AMRINDER SINGH RAJA WARRING","LUDHIANA","Construction of New Room In Shamshanghat, Ward no. 4, Halka East. Distt. Ludhiana","20-Jan-2026","400000","19-May-2026"
"18","Normal/Others","WS/MP18157/2025-2026/239566-Construction of additional rooms and halls in the existing public and community building","Punjab","LUDHIANA(DEPUTY COMMISSIONER LUDHIANA_IDA)","AMRINDER SINGH RAJA WARRING","LUDHIANA","Construction of New Shamshan Ghat Vill. Agwar Lopon Kalan, Block Jagraon, Distt. Ludhiana","03-Oct-2025","500000","26-Nov-2025"
"19","Normal/Others","WS/MP18157/2025-2026/239568-Construction of additional rooms and halls in the existing public and community building","Punjab","LUDHIANA(DEPUTY COMMISSIONER LUDHIANA_IDA)","AMRINDER SINGH RAJA WARRING","LUDHIANA","Repair of Chahal Patti Shamshan Ghat Vill. Galib Kalan, Block Jagraon, Distt. Ludhiana","03-Oct-2025","400000","26-Nov-2025"
"20","Normal/Others","WS/MP18157/2025-2026/241193-Construction of boundary walls of existing public and community buildings","Punjab","LUDHIANA(DEPUTY COMMISSIONER LUDHIANA_IDA)","AMRINDER SINGH RAJA WARRING","LUDHIANA","Construction of Boundary Wall of Kabristan in Vill. Lehra, Block Dehlon, Distt. Ludhiana","09-Oct-2025","200000","27-Nov-2025"
"21","Normal/Others","WS/MP18157/2025-2026/251110-Construction of boundary walls of existing public and community buildings","Punjab","LUDHIANA(DEPUTY COMMISSIONER LUDHIANA_IDA)","AMRINDER SINGH RAJA WARRING","LUDHIANA","Construction of boundary wall of Kabristan in Vill. Ayali Kalan,Block Ludhiana-1, Distt. Ludhiana","28-Nov-2025","1000000","21-Jan-2026"
"22","Normal/Others","WS/MP18157/2025-2026/232178-Construction of boundary walls of existing public and community buildings","Punjab","LUDHIANA(DEPUTY COMMISSIONER LUDHIANA_IDA)","AMRINDER SINGH RAJA WARRING","LUDHIANA","Construction of boundary wall of Community center, Vill. Pamali, Block Pakhowal, Distt. Ludhiana","08-Sep-2025","500000","24-Dec-2025"
"23","Normal/Others","WS/MP18157/2025-2026/188733-Construction of boundary walls of existing public and community buildings","Punjab","LUDHIANA(DEPUTY COMMISSIONER LUDHIANA_IDA)","AMRINDER SINGH RAJA WARRING","LUDHIANA","Installation of Steel Fencing from School to Canal Bridge, Vill. Saholi, Block Pakhowal, Distt. Ludhiana.","02-Apr-2025","400000","09-May-2025"
"24","Normal/Others","WS/MP18157/2025-2026/188720-Construction of boundary walls of existing public and community buildings","Punjab","LUDHIANA(DEPUTY COMMISSIONER LUDHIANA_IDA)","AMRINDER SINGH RAJA WARRING","LUDHIANA","Construction of Boundary Wall of Shamshanghat, Vill. Walipur Khurd, Block Sidhwan Bet, Distt. Ludhiana.","02-Apr-2025","200000","08-May-2025"
"25","Normal/Others","WS/MP18157/2025-2026/188725-Construction of boundary walls of existing public and community buildings","Punjab","LUDHIANA(DEPUTY COMMISSIONER LUDHIANA_IDA)","AMRINDER SINGH RAJA WARRING","LUDHIANA","of Shamshanghat, Vill. Gag Kalan, Block Sidhwan Bet, Distt. Ludhiana.","02-Apr-2025","200000","08-May-2025"
"26","Normal/Others","WS/MP18157/2024-2025/172354-Construction of boundary walls of existing public and community buildings","Punjab","LUDHIANA(DEPUTY COMMISSIONER LUDHIANA_IDA)","AMRINDER SINGH RAJA WARRING","LUDHIANA","Construction of Boundary Wall of Dharamshala in Village Talwandi Kalan, Block Ludhiana-1, Distt. Ludhiana","04-Feb-2025","200000","17-Mar-2025"
"27","Normal/Others","WS/MP18157/2025-2026/188699-Construction of buildings for community cultural activities","Punjab","LUDHIANA(DEPUTY COMMISSIONER LUDHIANA_IDA)","AMRINDER SINGH RAJA WARRING","LUDHIANA","Construction New Panchayat Ghar In Vill. Chhapar, Block Pakhowal, Distt. Ludhiana.","02-Apr-2025","500000","09-May-2025"
"28","Repair and Renovation","WS/MP18157/2025-2026/188768-Construction of buildings for community cultural activities","Punjab","LUDHIANA(DEPUTY COMMISSIONER LUDHIANA_IDA)","AMRINDER SINGH RAJA WARRING","LUDHIANA","Construction of Shelter and Repair of Cemented Platform (Sath) at Panchayat Ghar, Vill. Bhumal, Block Sidhwan Bet, Distt. Ludhiana.","02-Apr-2025","200000","08-May-2025"
"29","Repair and Renovation","WS/MP18157/2025-2026/198805-Construction of rooms and halls in school and colleges","Punjab","LUDHIANA(DEPUTY COMMISSIONER LUDHIANA_IDA)","AMRINDER SINGH RAJA WARRING","LUDHIANA","Repair and Renovation Of U14 Hockey wing, Boys Hostel in Shaheed Sardar Harbhajan Singh Govt. High School, Vill. Chachrari, Block Sudhar, Distt. Ludhiana","13-May-2025","300000","10-Jul-2025"
"30","Normal/Others","WS/MP18157/2026-2027/260459-Construction of rooms and halls in school and colleges","Punjab","LUDHIANA(DEPUTY COMMISSIONER LUDHIANA_IDA)","AMRINDER SINGH RAJA WARRING","LUDHIANA","Construction of New RoomIn Government Primary School, Ward no. 4, Halka East, Distt. Ludhiana","20-Jan-2026","400000","19-May-2026"
"31","Normal/Others","WS/MP18157/2026-2027/267806-Construction of rooms and halls in school and colleges","Punjab","LUDHIANA(DEPUTY COMMISSIONER LUDHIANA_IDA)","AMRINDER SINGH RAJA WARRING","LUDHIANA","Construction of New Room in U-17 Hockey wing (Boys) Hostel in Shaheed S. Harbhajan Singh Govt. High School, Vill. Chachrari, Block Sudhar, Distt. Ludhiana","17-Feb-2026","500000","06-Apr-2026"
"32","Normal/Others","WS/MP18157/2025-2026/241195-Development of playground","Punjab","LUDHIANA(DEPUTY COMMISSIONER LUDHIANA_IDA)","AMRINDER SINGH RAJA WARRING","LUDHIANA","Construction work by laying interlock tiles in the playground In Govt. Sen. Sec, School, Vill. Bhutta, Block Dehlon, Distt. Ludhiana","09-Oct-2025","500000","26-Nov-2025"
"33","Normal/Others","WS/MP18157/2024-2025/172488-Development of playground","Punjab","LUDHIANA(DEPUTY COMMISSIONER LUDHIANA_IDA)","AMRINDER SINGH RAJA WARRING","LUDHIANA","Construction of New Park in Front of Govt. Sen. Sec. School, Guram in Village Guram, Block Dehlon, Distt. Ludhiana","04-Feb-2025","500000","27-Mar-2025"
"34","Normal/Others","WS/MP18157/2024-2025/172081-Construction of rooms and facilities for hospitals, FWC , PHC Centers and ANM centers","Punjab","LUDHIANA(DEPUTY COMMISSIONER LUDHIANA_IDA)","AMRINDER SINGH RAJA WARRING","LUDHIANA","Construction of Room in Public Health Center Village Lamma, Distt. Ludhiana","04-Feb-2025","500000","27-Mar-2025"
"35","Trust and Society","WS/MP18157/2025-2026/197911-Construction of rooms and facilities for hospitals, FWC , PHC Centers and ANM centers","Punjab","LUDHIANA(DEPUTY COMMISSIONER LUDHIANA_IDA)","AMRINDER SINGH RAJA WARRING","LUDHIANA","Construction of building of Eye Department, Patient Examining and Care Area in Christian Medical College. Ward no. 78   Distt. Ludhiana","08-May-2025","1000000","21-Jan-2026"
"36","Trust and Society","WS/MP18157/2026-2027/276288-Construction of rooms and facilities for hospitals, FWC , PHC Centers and ANM centers","Punjab","LUDHIANA(DEPUTY COMMISSIONER LUDHIANA_IDA)","AMRINDER SINGH RAJA WARRING","LUDHIANA","Construction of New Building In Ek Noor Neki da Hospital, Vill. Alamgir, Block Ludhiana-1 Distt. Ludhiana","27-Mar-2026","500000","23-Jun-2026"
"37","Normal/Others","WS/MP18157/2026-2027/276670-Installing tube-wells and borewells","Punjab","LUDHIANA(DEPUTY COMMISSIONER LUDHIANA_IDA)","AMRINDER SINGH RAJA WARRING","LUDHIANA","Provision of Solar Water Tubewell with Motor In Vill. Lohgarh, Block Pakhowal, Distt. Ludhiana","30-Mar-2026","400000","30-Jul-2026"
"38","Normal/Others","NA-Installing tube-wells and borewells","Punjab","LUDHIANA(DEPUTY COMMISSIONER LUDHIANA_IDA)","AMRINDER SINGH RAJA WARRING","LUDHIANA","Installation 25 HP Water Borewell Pump in Street no. 01, Mohalla Kot Mangal Singh, Ward no. 43, Distt. Ludhiana","28-Jul-2026","1350000","NA"
"39","Normal/Others","WS/MP18157/2025-2026/252271-Installing tube-wells and borewells","Punjab","LUDHIANA(DEPUTY COMMISSIONER LUDHIANA_IDA)","AMRINDER SINGH RAJA WARRING","LUDHIANA","Installation 25 HP Water Borewell Pump in 1000 Gaj Vala Park, near Lakkar Bazar, ward no. 90, Distt. Ludhiana","05-Dec-2025","1350000","09-Mar-2026"
"40","Normal/Others","WS/MP18157/2025-2026/252272-Installing tube-wells and borewells","Punjab","LUDHIANA(DEPUTY COMMISSIONER LUDHIANA_IDA)","AMRINDER SINGH RAJA WARRING","LUDHIANA","Installation 12.50 HP Water Borewell Pump in Basant Nagar, Surinder Nagar, ward no. 88, Halka North, Distt. Ludhiana","05-Dec-2025","675000","17-Mar-2026"
"41","Normal/Others","WS/MP18157/2025-2026/252273-Installing tube-wells and borewells","Punjab","LUDHIANA(DEPUTY COMMISSIONER LUDHIANA_IDA)","AMRINDER SINGH RAJA WARRING","LUDHIANA","Installation 12.50 HP Water Borewell Pump in Mohalla New Deep Nagar, ward no. 66, Halka North, Distt. Ludhiana","05-Dec-2025","675000","09-Mar-2026"
"42","Normal/Others","WS/MP18157/2025-2026/252284-Installing tube-wells and borewells","Punjab","LUDHIANA(DEPUTY COMMISSIONER LUDHIANA_IDA)","AMRINDER SINGH RAJA WARRING","LUDHIANA","Installation 12.50 HP Water Borewell Pump in In Raghubir Park, Janjh Ghar, Halka North, ward no. 68, Distt. Ludhiana","05-Dec-2025","675000","09-Mar-2026"
"43","Normal/Others","WS/MP18157/2026-2027/260363-Installing tube-wells and borewells","Punjab","LUDHIANA(DEPUTY COMMISSIONER LUDHIANA_IDA)","AMRINDER SINGH RAJA WARRING","LUDHIANA","Installation 12.50 HP Water Borewell Pump In Sherpur Khurd, ward no. 32, Halka South, Distt. Ludhiana","20-Jan-2026","655817","15-May-2026"
"44","Normal/Others","WS/MP18157/2026-2027/260364-Installing tube-wells and borewells","Punjab","LUDHIANA(DEPUTY COMMISSIONER LUDHIANA_IDA)","AMRINDER SINGH RAJA WARRING","LUDHIANA","Installation 12.50 HP Water Borewell Pump In Street no. 4A, Parbhat Nagar, Ward no. 31, Halka South,  Distt. Ludhiana","20-Jan-2026","675000","07-Apr-2026"
"45","Normal/Others","WS/MP18157/2026-2027/260386-Installing tube-wells and borewells","Punjab","LUDHIANA(DEPUTY COMMISSIONER LUDHIANA_IDA)","AMRINDER SINGH RAJA WARRING","LUDHIANA","At near Manocha Chakki, Azad Nagar, Ward no. 52, Halka Atam Nagar, Distt. Ludhiana","20-Jan-2026","675000","23-Jul-2026"
"46","Normal/Others","WS/MP18157/2024-2025/163242-Installing tube-wells and borewells","Punjab","LUDHIANA(DEPUTY COMMISSIONER LUDHIANA_IDA)","AMRINDER SINGH RAJA WARRING","LUDHIANA","Installation 25 HP Water Borewell Pump, Ward no-94, Distt. Ludhiana","02-Jan-2025","1249000","10-Mar-2025"
"47","Normal/Others","WS/MP18157/2025-2026/157068-Installing tube-wells and borewells","Punjab","LUDHIANA(DEPUTY COMMISSIONER LUDHIANA_IDA)","AMRINDER SINGH RAJA WARRING","LUDHIANA","Installation 12.5 HP Water Borewell Pump at Gul Chaman Gali, Ward no-56, Distt. Ludhiana","05-Dec-2024","675000","01-Apr-2025"
"48","Normal/Others","WS/MP18157/2025-2026/178657-Installing tube-wells and borewells","Punjab","LUDHIANA(DEPUTY COMMISSIONER LUDHIANA_IDA)","AMRINDER SINGH RAJA WARRING","LUDHIANA","Installation 25 HP Water Borewell Pump at Banda bahadar Nagar, St. no.2, Phambra Road, Ward no. 02, Distt. Ludhiana","03-Mar-2025","1350000","16-May-2025"
"49","Normal/Others","WS/MP18157/2025-2026/178658-Installing tube-wells and borewells","Punjab","LUDHIANA(DEPUTY COMMISSIONER LUDHIANA_IDA)","AMRINDER SINGH RAJA WARRING","LUDHIANA","Installation 25 HP Water Borewell Pump at Rajiv Gandhi Colony, HE Colony, Ward no. 26, Distt. Ludhiana","03-Mar-2025","1350000","15-May-2025"
"50","Normal/Others","WS/MP18157/2025-2026/178659-Installing tube-wells and borewells","Punjab","LUDHIANA(DEPUTY COMMISSIONER LUDHIANA_IDA)","AMRINDER SINGH RAJA WARRING","LUDHIANA","Installation 25 HP Water Borewell Pump at Atal Nagar, Ward no. 07, Distt. Ludhiana","03-Mar-2025","1350000","15-May-2025"
"51","Normal/Others","WS/MP18157/2025-2026/178660-Installing tube-wells and borewells","Punjab","LUDHIANA(DEPUTY COMMISSIONER LUDHIANA_IDA)","AMRINDER SINGH RAJA WARRING","LUDHIANA","Installation 25 HP Water Borewell Pump at LIG Flats, Ward no.29, Distt. Ludhiana","03-Mar-2025","1350000","15-May-2025"
"52","Normal/Others","WS/MP18157/2025-2026/187798-Installing tube-wells and borewells","Punjab","LUDHIANA(DEPUTY COMMISSIONER LUDHIANA_IDA)","AMRINDER SINGH RAJA WARRING","LUDHIANA","Installation 25 HP Water Borewell Pump at Mohalla Harbanspura, Ward no.82, Distt. Ludhiana","29-Mar-2025","1350000","04-Jul-2025"
"53","Normal/Others","WS/MP18157/2025-2026/157070-Purchase of mobile water tankers","Punjab","LUDHIANA(DEPUTY COMMISSIONER LUDHIANA_IDA)","AMRINDER SINGH RAJA WARRING","LUDHIANA","3000Lt Mobile Water Tank at Sherpur, Ward no-16, Halka South, Distt. Ludhiana","05-Dec-2024","211000","30-Jul-2025"
"54","Normal/Others","WS/MP18157/2025-2026/157071-Purchase of mobile water tankers","Punjab","LUDHIANA(DEPUTY COMMISSIONER LUDHIANA_IDA)","AMRINDER SINGH RAJA WARRING","LUDHIANA","3000Lt Mobile Water Tank at Kanwanwal, Ward no-16, Halka South, Distt. Ludhiana","05-Dec-2024","211000","30-Jul-2025"
"55","Normal/Others","WS/MP18157/2025-2026/157072-Purchase of mobile water tankers","Punjab","LUDHIANA(DEPUTY COMMISSIONER LUDHIANA_IDA)","AMRINDER SINGH RAJA WARRING","LUDHIANA","3000Lt Mobile Water Tank at Ward no-30, Halka South, Distt. Ludhiana","05-Dec-2024","211000","30-Jul-2025"
"56","Normal/Others","WS/MP18157/2025-2026/188729-Purchase of mobile water tankers","Punjab","LUDHIANA(DEPUTY COMMISSIONER LUDHIANA_IDA)","AMRINDER SINGH RAJA WARRING","LUDHIANA","10000Lt Mobile Water Tank In Vill. Hujra, Block Sidhwan Bet, Distt. Ludhiana.","02-Apr-2025","250000","08-May-2025"
"57","Normal/Others","WS/MP18157/2025-2026/239570-Purchase of mobile water tankers","Punjab","LUDHIANA(DEPUTY COMMISSIONER LUDHIANA_IDA)","AMRINDER SINGH RAJA WARRING","LUDHIANA","3000Lt Mobile Water Tank in Vill. Galib Kalan, Block Jagraon, Distt. Ludhiana","03-Oct-2025","250000","26-Nov-2025"
"58","Normal/Others","WS/MP18157/2025-2026/251112-Purchase of mobile water tankers","Punjab","LUDHIANA(DEPUTY COMMISSIONER LUDHIANA_IDA)","AMRINDER SINGH RAJA WARRING","LUDHIANA","Provision of 25HP Mini tractor with 2500lt water tanker in In Ward no. 2, Distt. Ludhiana","28-Nov-2025","599683","18-Feb-2026"
"59","Normal/Others","WS/MP18157/2025-2026/251113-Purchase of mobile water tankers","Punjab","LUDHIANA(DEPUTY COMMISSIONER LUDHIANA_IDA)","AMRINDER SINGH RAJA WARRING","LUDHIANA","Provision of 25HP Mini tractor with 2500lt water tanker in In Ward no. 4, Distt. Ludhiana","28-Nov-2025","599683","18-Feb-2026"
"60","Normal/Others","WS/MP18157/2025-2026/251114-Purchase of mobile water tankers","Punjab","LUDHIANA(DEPUTY COMMISSIONER LUDHIANA_IDA)","AMRINDER SINGH RAJA WARRING","LUDHIANA","Provision of 25HP Mini tractor with 2500lt water tanker in In Ward no. 7, Distt. Ludhiana","28-Nov-2025","599683","18-Feb-2026"
"61","Normal/Others","WS/MP18157/2025-2026/251115-Purchase of mobile water tankers","Punjab","LUDHIANA(DEPUTY COMMISSIONER LUDHIANA_IDA)","AMRINDER SINGH RAJA WARRING","LUDHIANA","Provision of 25HP Mini tractor with 2500lt water tanker in In Ward no. 12, Distt. Ludhiana","28-Nov-2025","599683","18-Feb-2026"
"62","Normal/Others","WS/MP18157/2025-2026/251116-Purchase of mobile water tankers","Punjab","LUDHIANA(DEPUTY COMMISSIONER LUDHIANA_IDA)","AMRINDER SINGH RAJA WARRING","LUDHIANA","Provision of 25HP Mini tractor with 2500lt water tanker in In Ward no. 26, Distt. Ludhiana","28-Nov-2025","599683","18-Feb-2026"
"63","Normal/Others","WS/MP18157/2026-2027/260388-Purchase of mobile water tankers","Punjab","LUDHIANA(DEPUTY COMMISSIONER LUDHIANA_IDA)","AMRINDER SINGH RAJA WARRING","LUDHIANA","3000Lt Mobile Water Tank In Ward no. 46, Halka Atam Nagar, Distt. Ludhiana","20-Jan-2026","211000","07-Apr-2026"
"64","Normal/Others","WS/MP18157/2025-2026/252270-Purchase of mobile water tankers","Punjab","LUDHIANA(DEPUTY COMMISSIONER LUDHIANA_IDA)","AMRINDER SINGH RAJA WARRING","LUDHIANA","Provision of five (5) 3000Lt Mobile Water Tanks in ward no. 93, Halka North, Distt. Ludhiana","05-Dec-2025","1055000","16-Mar-2026"
"65","Normal/Others","WS/MP18157/2026-2027/276290-Purchase of mobile water tankers","Punjab","LUDHIANA(DEPUTY COMMISSIONER LUDHIANA_IDA)","AMRINDER SINGH RAJA WARRING","LUDHIANA","2500Lt Mobile Water Tank In Vill. Rajjowal, Block Ludhiana-1, Distt. Ludhiana","27-Mar-2026","200000","19-May-2026"
"66","Normal/Others","WS/MP18157/2025-2026/188718-Providing drains and gutters for public drainage","Punjab","LUDHIANA(DEPUTY COMMISSIONER LUDHIANA_IDA)","AMRINDER SINGH RAJA WARRING","LUDHIANA","Construction of Sewerage line In Vill. Issewal, Block Sidhwan Bet, Distt. Ludhiana.","02-Apr-2025","1000000","08-May-2025"
"67","Normal/Others","WS/MP18157/2024-2025/157077-Construction of public toilets and bathrooms","Punjab","LUDHIANA(DEPUTY COMMISSIONER LUDHIANA_IDA)","AMRINDER SINGH RAJA WARRING","LUDHIANA","Construction of Bathroom in Cremation ground at Lohara, Ward no-33, Distt. Ludhiana","05-Dec-2024","450000","10-Feb-2025"
"68","Normal/Others","WS/MP18157/2024-2025/157095-Construction of public toilets and bathrooms","Punjab","LUDHIANA(DEPUTY COMMISSIONER LUDHIANA_IDA)","AMRINDER SINGH RAJA WARRING","LUDHIANA","Construction of Bathroom in Cremation ground at Dholewal, Ward no-50, Distt. Ludhiana","05-Dec-2024","450000","10-Feb-2025"
"69","Normal/Others","WS/MP18157/2025-2026/198811-Construction of public irrigation facilities","Punjab","LUDHIANA(DEPUTY COMMISSIONER LUDHIANA_IDA)","AMRINDER SINGH RAJA WARRING","LUDHIANA","Construction of Sewerage line From house of Jagtej Singh Grewal to house of Jagjit Singh and from Water tank to house of Hardit Singh in Vill. Raqba, Bock Sudhar, Distt. Ludhiana","13-May-2025","400000","10-Jul-2025"
"70","Normal/Others","WS/MP18157/2025-2026/241178-Construction of public irrigation facilities","Punjab","LUDHIANA(DEPUTY COMMISSIONER LUDHIANA_IDA)","AMRINDER SINGH RAJA WARRING","LUDHIANA","Construction of Boundary Wall of Village Pond (Chapar) In Vill. Fatehgarh Gujjran, Block Ludhiana-1, Distt. Ludhiana","09-Oct-2025","200000","24-Nov-2025"
"71","Normal/Others","WS/MP18157/2026-2027/276674-Construction of public irrigation facilities","Punjab","LUDHIANA(DEPUTY COMMISSIONER LUDHIANA_IDA)","AMRINDER SINGH RAJA WARRING","LUDHIANA","Construction of New Bathroom In Park of Vill. Boparai Kalan, Block Sudhar, Distt. Ludhiana","30-Mar-2026","200000","30-Jul-2026"
"72","Normal/Others","WS/MP18157/2026-2027/260375-Construction of public irrigation facilities","Punjab","LUDHIANA(DEPUTY COMMISSIONER LUDHIANA_IDA)","AMRINDER SINGH RAJA WARRING","LUDHIANA","Construction of New Public Bathroom near PUDA Nursery, opp. Jiwan Nagar Police Chowki,  Ward no. 26, Halka East, Distt. Ludhiana","20-Jan-2026","200000","09-Jul-2026"
"73","Normal/Others","WS/MP18157/2026-2027/260377-Construction of public irrigation facilities","Punjab","LUDHIANA(DEPUTY COMMISSIONER LUDHIANA_IDA)","AMRINDER SINGH RAJA WARRING","LUDHIANA","Construction of New Public Bathroom near Mukesh Sweets Shop Market, near Vodafone Store Ward no. 26, Halka East, Distt. Ludhiana","20-Jan-2026","200000","09-Jul-2026"
"74","Normal/Others","WS/MP18157/2026-2027/267154-Construction of roads, link roads, pathways or any other road with or without drainage system","Punjab","LUDHIANA(DEPUTY COMMISSIONER LUDHIANA_IDA)","AMRINDER SINGH RAJA WARRING","LUDHIANA","Construction of Street with Interlocking tiles in Street no. 6B and 7B, Basant Nagar, Lohara, Ward no. 36, Halka South, Distt. Ludhiana","09-Feb-2026","1000000","07-Apr-2026"
"75","Normal/Others","NA-Construction of roads, link roads, pathways or any other road with or without drainage system","Punjab","LUDHIANA(DEPUTY COMMISSIONER LUDHIANA_IDA)","AMRINDER SINGH RAJA WARRING","LUDHIANA","Construction of Street with interlocking tiles from house of Sarabjit Singh to house of Narinder Singh, Vill. Khera Bet, Block Ludhiana-1, Distt. Ludhiana","20-Aug-2026","380000","NA"
"76","Normal/Others","WS/MP18157/2026-2027/276292-Construction of roads, link roads, pathways or any other road with or without drainage system","Punjab","LUDHIANA(DEPUTY COMMISSIONER LUDHIANA_IDA)","AMRINDER SINGH RAJA WARRING","LUDHIANA","Repair and Renovation Street of Delhi Computer wali Gali, Gali no. 4, Vill. Bhagat Singh NAgar Dugri, Block Ludhiana-1, Distt. Ludhiana","27-Mar-2026","500000","19-May-2026"
"77","Normal/Others","WS/MP18157/2026-2027/276295-Construction of roads, link roads, pathways or any other road with or without drainage system","Punjab","LUDHIANA(DEPUTY COMMISSIONER LUDHIANA_IDA)","AMRINDER SINGH RAJA WARRING","LUDHIANA","Construction of Street with Interlocking tiles and Sewerage Street of Maha Rishi Valmiki Mandir, Vill. Ramgarh Bhullar, Block Jagraon, Distt. Ludhiana","27-Mar-2026","200000","11-Jun-2026"
"78","Normal/Others","WS/MP18157/2025-2026/241179-Construction of roads, link roads, pathways or any other road with or without drainage system","Punjab","LUDHIANA(DEPUTY COMMISSIONER LUDHIANA_IDA)","AMRINDER SINGH RAJA WARRING","LUDHIANA","Construction of Street with Interlocking tiles From Gali number 3, house of Ram Pal to house of Amarjit Singh and Gali number 1, house of Balvir Singh to Gali number 4, house of Manjit Singh in Vill. Jasdev Singh Nagar, Mohalla Bachitar Nagar, Block Ludhiana-1, Distt. Ludhiana","09-Oct-2025","800000","24-Nov-2025"
"79","Normal/Others","WS/MP18157/2025-2026/241180-Construction of roads, link roads, pathways or any other road with or without drainage system","Punjab","LUDHIANA(DEPUTY COMMISSIONER LUDHIANA_IDA)","AMRINDER SINGH RAJA WARRING","LUDHIANA","Construction of Street with Interlocking tiles From Hotel Le Aley to connect with Jassian Road via Aman Vihar Colony, Shri Adinath Jain Vidya Enclave in Vill. Hussainpura, Block Ludhiana-1, Distt. Ludhiana","09-Oct-2025","500000","24-Nov-2025"
"80","Normal/Others","WS/MP18157/2025-2026/239559-Construction of roads, link roads, pathways or any other road with or without drainage system","Punjab","LUDHIANA(DEPUTY COMMISSIONER LUDHIANA_IDA)","AMRINDER SINGH RAJA WARRING","LUDHIANA","Construction of Street with Interlocking tiles and Sewerage line from house of Amarjit Singh to house of Satwant Singh, Vill. Aligarh (SAS Nagar), Block Jagraon, Distt. Ludhiana","03-Oct-2025","500000","26-Nov-2025"
"81","Normal/Others","WS/MP18157/2025-2026/239560-Construction of roads, link roads, pathways or any other road with or without drainage system","Punjab","LUDHIANA(DEPUTY COMMISSIONER LUDHIANA_IDA)","AMRINDER SINGH RAJA WARRING","LUDHIANA","Construction of Street with Interlocking tiles From Gurudwara Shri Guru Granth Sahib ji main gate (Dharamshala) to Medical Store, Vill. Rasulpur (Mallah), Block Jagraon, Distt. Ludhiana","03-Oct-2025","700000","26-Nov-2025"
"82","Normal/Others","WS/MP18157/2025-2026/239561-Construction of roads, link roads, pathways or any other road with or without drainage system","Punjab","LUDHIANA(DEPUTY COMMISSIONER LUDHIANA_IDA)","AMRINDER SINGH RAJA WARRING","LUDHIANA","Construction of Sewerage line From house of Bachan Singh to house of Baldev Singh, Vill. Kothe Khanjuran, Block Jagraon, Distt. Ludhiana","03-Oct-2025","500000","26-Nov-2025"
"83","Normal/Others","WS/MP18157/2025-2026/239563-Construction of roads, link roads, pathways or any other road with or without drainage system","Punjab","LUDHIANA(DEPUTY COMMISSIONER LUDHIANA_IDA)","AMRINDER SINGH RAJA WARRING","LUDHIANA","Construction of Street with Interlocking tiles From house of Gurmeet Singh to house of Manjeet Singh, Vill. Amargarh Kaler, Block Jagraon, Distt. Ludhiana","03-Oct-2025","500000","26-Nov-2025"
"84","Normal/Others","WS/MP18157/2025-2026/239564-Construction of roads, link roads, pathways or any other road with or without drainage system","Punjab","LUDHIANA(DEPUTY COMMISSIONER LUDHIANA_IDA)","AMRINDER SINGH RAJA WARRING","LUDHIANA","Construction of Street with Interlocking tiles and Sewerage line From house of Gurmeet Singh to house of Manjeet Singh, Vill. Shafipura, Block Jagraon, Distt. Ludhiana","03-Oct-2025","600000","26-Nov-2025"
"85","Normal/Others","WS/MP18157/2025-2026/239569-Construction of roads, link roads, pathways or any other road with or without drainage system","Punjab","LUDHIANA(DEPUTY COMMISSIONER LUDHIANA_IDA)","AMRINDER SINGH RAJA WARRING","LUDHIANA","Construction of Street and Drain in Vill. Galib Kalan, Block Jagraon, Distt. Ludhiana","03-Oct-2025","250000","26-Nov-2025"
"86","Normal/Others","WS/MP18157/2025-2026/239572-Construction of roads, link roads, pathways or any other road with or without drainage system","Punjab","LUDHIANA(DEPUTY COMMISSIONER LUDHIANA_IDA)","AMRINDER SINGH RAJA WARRING","LUDHIANA","Construction of Street with Interlocking tiles and Sewerage line Street of Maha Rishi Valmiki Mandir, Vill. Ramgarh Bhullar, Block Jagraon, Distt. Ludhiana","03-Oct-2025","200000","26-Nov-2025"
"87","Normal/Others","WS/MP18157/2025-2026/239574-Construction of roads, link roads, pathways or any other road with or without drainage system","Punjab","LUDHIANA(DEPUTY COMMISSIONER LUDHIANA_IDA)","AMRINDER SINGH RAJA WARRING","LUDHIANA","Construction of Sewerage line From Village Chappar to Tejas Public School in Vill. Sidhwan Khurd, Block Jagraon, Distt. Ludhiana","03-Oct-2025","500000","26-Nov-2025"
"88","Normal/Others","WS/MP18157/2025-2026/239575-Construction of roads, link roads, pathways or any other road with or without drainage system","Punjab","LUDHIANA(DEPUTY COMMISSIONER LUDHIANA_IDA)","AMRINDER SINGH RAJA WARRING","LUDHIANA","Construction of Sewerage line From house of Jasmail Singh to house of Gurpreet Singh, Vill. Kothe Baggu, Block Jargon, Distt. Ludhiana","03-Oct-2025","500000","26-Nov-2025"
"89","Normal/Others","WS/MP18157/2025-2026/239576-Construction of roads, link roads, pathways or any other road with or without drainage system","Punjab","LUDHIANA(DEPUTY COMMISSIONER LUDHIANA_IDA)","AMRINDER SINGH RAJA WARRING","LUDHIANA","Construction of Sewerage line for drainage water From house of Darshan Singh-Hajuran Singh near Hanuman Mandir to house of Parminder Singh, Vill. Kakar, Block Jagraon, Distt. Ludhiana","03-Oct-2025","500000","26-Nov-2025"
"90","Normal/Others","WS/MP18157/2025-2026/198806-Construction of roads, link roads, pathways or any other road with or without drainage system","Punjab","LUDHIANA(DEPUTY COMMISSIONER LUDHIANA_IDA)","AMRINDER SINGH RAJA WARRING","LUDHIANA","Construction of Street by laying Interlock tiles from house of Rajwindewr Singh-Luxman Singh to Jassoawal Road in Vill. Shekhupura, Block Sudhar, Distt. Ludhiana","13-May-2025","300000","10-Jul-2025"
"91","Normal/Others","WS/MP18157/2025-2026/232173-Construction of roads, link roads, pathways or any other road with or without drainage system","Punjab","LUDHIANA(DEPUTY COMMISSIONER LUDHIANA_IDA)","AMRINDER SINGH RAJA WARRING","LUDHIANA","Construction of Street by Laying Interlock tiles from house of Darshan Singh-Kaku Singh to house of Sohan Singh-Virk Singh, Vill. Joraha, Block Pakhowal, Distt. Ludhiana","08-Sep-2025","200000","24-Dec-2025"
"92","Normal/Others","WS/MP18157/2025-2026/232174-Construction of roads, link roads, pathways or any other road with or without drainage system","Punjab","LUDHIANA(DEPUTY COMMISSIONER LUDHIANA_IDA)","AMRINDER SINGH RAJA WARRING","LUDHIANA","Construction of Street by Laying Interlock tiles From house of Pal Singh to house of Arshdeep Singh, Vill. Latala, Block Pakhowal, Distt. Ludhiana","08-Sep-2025","100000","24-Dec-2025"
"93","Normal/Others","WS/MP18157/2025-2026/198800-Construction of roads, link roads, pathways or any other road with or without drainage system","Punjab","LUDHIANA(DEPUTY COMMISSIONER LUDHIANA_IDA)","AMRINDER SINGH RAJA WARRING","LUDHIANA","Construction of Street by laying Interlock tiles from house of Bota Singh- Lal Singh to house of Ajit Singh in Vill. Salemputa Tibba, Block Sidhwan Bet, Distt. Ludhiana","13-May-2025","200000","17-Oct-2025"
"94","Normal/Others","WS/MP18157/2025-2026/188771-Construction of roads, link roads, pathways or any other road with or without drainage system","Punjab","LUDHIANA(DEPUTY COMMISSIONER LUDHIANA_IDA)","AMRINDER SINGH RAJA WARRING","LUDHIANA","Construction of Street by laying Interlock tiles in Ward no.2, house of Gadila Singh to house of Late Chota Singh in Vill. Baddowal, Block Sudhar, Distt. Ludhiana","02-Apr-2025","160000","07-May-2025"
"95","Normal/Others","WS/MP18157/2025-2026/192014-Construction of roads, link roads, pathways or any other road with or without drainage system","Punjab","LUDHIANA(DEPUTY COMMISSIONER LUDHIANA_IDA)","AMRINDER SINGH RAJA WARRING","LUDHIANA","Construction of Street by laying Interlock tiles From house of Bikkar Singh to Park and house of Gurpreet Singh Gora to Main Road in Vill. Galib Khurd, Block Jagraon, Distt. Ludhiana","17-Apr-2025","500000","08-May-2025"
"96","Normal/Others","WS/MP18157/2025-2026/192015-Construction of roads, link roads, pathways or any other road with or without drainage system","Punjab","LUDHIANA(DEPUTY COMMISSIONER LUDHIANA_IDA)","AMRINDER SINGH RAJA WARRING","LUDHIANA","Construction of Street by laying Interlock tiles From house of Jaswinder Singh-Sant Singh to house of Swaran Singh-Surjit Singh in Vill.Khatra Chuhram, Block Dehlon, Distt. Ludhiana","17-Apr-2025","300000","08-May-2025"
"97","Normal/Others","WS/MP18157/2025-2026/188711-Construction of roads, link roads, pathways or any other road with or without drainage system","Punjab","LUDHIANA(DEPUTY COMMISSIONER LUDHIANA_IDA)","AMRINDER SINGH RAJA WARRING","LUDHIANA","Construction of Street by laying Interlock tiles from house of Darshan Singh-Kaku Singh to Sohan Singh-Waqil Singh in Vill. Joraha, Block Pakhowal, Distt. Ludhiana","02-Apr-2025","200000","09-May-2025"
"98","Normal/Others","WS/MP18157/2025-2026/188714-Construction of roads, link roads, pathways or any other road with or without drainage system","Punjab","LUDHIANA(DEPUTY COMMISSIONER LUDHIANA_IDA)","AMRINDER SINGH RAJA WARRING","LUDHIANA","Construction of Street by laying Interlock tiles from house of Mintu-Ajib Singh to house of Rupinder Singh-Bahadar Singh, Vill. Latala, Block Pakhowal, Distt. Ludhiana.","02-Apr-2025","100000","09-May-2025"
"99","Normal/Others","WS/MP18157/2024-2025/172348-Construction of roads, link roads, pathways or any other road with or without drainage system","Punjab","LUDHIANA(DEPUTY COMMISSIONER LUDHIANA_IDA)","AMRINDER SINGH RAJA WARRING","LUDHIANA","Construction of Street by laying Interlock tiles in From Shop of Pal Singh to House of Harcharan Singh in Village Bhai Himmat Singh Nagar, Block Ludhiana-1, Distt. Ludhiana","04-Feb-2025","400000","17-Mar-2025"
"100","Normal/Others","WS/MP18157/2024-2025/172353-Construction of roads, link roads, pathways or any other road with or without drainage system","Punjab","LUDHIANA(DEPUTY COMMISSIONER LUDHIANA_IDA)","AMRINDER SINGH RAJA WARRING","LUDHIANA","Construction of Street by laying Interlock tiles From House of Kulwant Singh to House of Gaganpreet Singh in Village Bhai Himmat Singh Nagar, Block Ludhiana-1, Distt. Ludhiana","04-Feb-2025","350000","17-Mar-2025"
"101","Normal/Others","WS/MP18157/2024-2025/172495-Construction of roads, link roads, pathways or any other road with or without drainage system","Punjab","LUDHIANA(DEPUTY COMMISSIONER LUDHIANA_IDA)","AMRINDER SINGH RAJA WARRING","LUDHIANA","Construction of Street by laying Interlock tiles in From House of Laxmi Gupta to House of Sagarin Village Gagandeep Colony, Block Ludhiana-1, Distt. Ludhiana","04-Feb-2025","200000","17-Mar-2025"
"102","Normal/Others","WS/MP18157/2024-2025/172545-Construction of roads, link roads, pathways or any other road with or without drainage system","Punjab","LUDHIANA(DEPUTY COMMISSIONER LUDHIANA_IDA)","AMRINDER SINGH RAJA WARRING","LUDHIANA","Construction of Street by laying Interlock tiles From House of Mangi Singh to House of Sukhdev Singh in Village Kutbewal Gujran, Block Ludhiana-1, Distt. Ludhiana","04-Feb-2025","200000","17-Mar-2025"
"103","Normal/Others","WS/MP18157/2025-2026/188695-Construction of roads, link roads, pathways or any other road with or without drainage system","Punjab","LUDHIANA(DEPUTY COMMISSIONER LUDHIANA_IDA)","AMRINDER SINGH RAJA WARRING","LUDHIANA","Construction of Street by laying Interlock tiles From house of Kuldip Singh to house of Charan Singh in Vill. Pandori, Block Sudhar, Distt. Ludhiana","01-Apr-2025","400000","07-May-2025"
"104","Normal/Others","WS/MP18157/2025-2026/188696-Construction of roads, link roads, pathways or any other road with or without drainage system","Punjab","LUDHIANA(DEPUTY COMMISSIONER LUDHIANA_IDA)","AMRINDER SINGH RAJA WARRING","LUDHIANA","Construction of Street by laying Interlock tiles From Ground of Vill. Braich to Asli Ghar Shamshanghat in Vill.  Kailpur, Block Sudhar, Distt. Ludhiana","01-Apr-2025","300000","07-May-2025"
"105","Normal/Others","WS/MP18157/2025-2026/188697-Construction of roads, link roads, pathways or any other road with or without drainage system","Punjab","LUDHIANA(DEPUTY COMMISSIONER LUDHIANA_IDA)","AMRINDER SINGH RAJA WARRING","LUDHIANA","Construction of Shelter at Shamshanghat, Vill. Hans Kalan, Block Sudhar, Distt. Ludhiana.","01-Apr-2025","200000","07-May-2025"
"106","Normal/Others","WS/MP18157/2025-2026/188698-Construction of roads, link roads, pathways or any other road with or without drainage system","Punjab","LUDHIANA(DEPUTY COMMISSIONER LUDHIANA_IDA)","AMRINDER SINGH RAJA WARRING","LUDHIANA","Construction of prayer ground with Interlocking tiles In Govt. Primary School, Vill. Dhaipai, Block Pakhowal, Distt. Ludhiana","02-Apr-2025","200000","14-May-2025"
"107","Normal/Others","WS/MP18157/2025-2026/178661-Construction of roads, link roads, pathways or any other road with or without drainage system","Punjab","LUDHIANA(DEPUTY COMMISSIONER LUDHIANA_IDA)","AMRINDER SINGH RAJA WARRING","LUDHIANA","Construction of Street by laying Interlock tiles at Arjan Nagar, Back Side C.C Cold Storage, Ward no-87, Distt. Ludhiana","03-Mar-2025","1000000","17-Jul-2025"
"108","Normal/Others","WS/MP18157/2025-2026/187795-Construction of roads, link roads, pathways or any other road with or without drainage system","Punjab","LUDHIANA(DEPUTY COMMISSIONER LUDHIANA_IDA)","AMRINDER SINGH RAJA WARRING","LUDHIANA","Construction of Street by laying Interlock tiles From Pahariya Karyana Store to house of Gurdev Singh in Village Motti Bagh, Distt. Ludhiana","29-Mar-2025","420000","15-Apr-2025"
"109","Normal/Others","WS/MP18157/2025-2026/187796-Construction of roads, link roads, pathways or any other road with or without drainage system","Punjab","LUDHIANA(DEPUTY COMMISSIONER LUDHIANA_IDA)","AMRINDER SINGH RAJA WARRING","LUDHIANA","Construction of Street by laying Interlock tiles From house of Didar Singh to house of Shukla Sharma in Village Motti Bagh, Distt. Ludhiana","29-Mar-2025","214000","15-Apr-2025"
"110","Normal/Others","WS/MP18157/2025-2026/187797-Construction of roads, link roads, pathways or any other road with or without drainage system","Punjab","LUDHIANA(DEPUTY COMMISSIONER LUDHIANA_IDA)","AMRINDER SINGH RAJA WARRING","LUDHIANA","Construction of Street by laying Interlock tiles From house of Aslam Ali to house of Manga in Village Motti Bagh, Distt. Ludhiana","29-Mar-2025","319000","15-Apr-2025"
"111","Normal/Others","WS/MP18157/2024-2025/172489-Construction of roads, link roads, pathways or any other road with or without drainage system","Punjab","LUDHIANA(DEPUTY COMMISSIONER LUDHIANA_IDA)","AMRINDER SINGH RAJA WARRING","LUDHIANA","Construction of Street by laying Interlock tiles in From House of Amarjeet Singh to House of Joga Singh in Village Satjot Nagar, Block Ludhiana-1, Distt. Ludhiana","04-Feb-2025","450000","17-Mar-2025"
"112","Normal/Others","WS/MP18157/2024-2025/172455-Construction of roads, link roads, pathways or any other road with or without drainage system","Punjab","LUDHIANA(DEPUTY COMMISSIONER LUDHIANA_IDA)","AMRINDER SINGH RAJA WARRING","LUDHIANA","Construction of Street by laying Interlock tiles From House of Nachattar Singh-Mukhtiar Singh to house of Paramjit Singh in Village Khatra Chuhram, Block Dehlon, Distt. Ludhiana","04-Feb-2025","300000","27-Mar-2025"
"113","Normal/Others","WS/MP18157/2024-2025/172486-Construction of roads, link roads, pathways or any other road with or without drainage system","Punjab","LUDHIANA(DEPUTY COMMISSIONER LUDHIANA_IDA)","AMRINDER SINGH RAJA WARRING","LUDHIANA","Construction of Street by laying Interlock tiles From House of Jagmail Singh to House of Bachan Singh in Village Kheri, Block Ludhiana-1, Distt. Ludhiana","04-Feb-2025","450000","17-Mar-2025"
"114","Normal/Others","WS/MP18157/2024-2025/163249-Provision of escalator and travellators for public use","Punjab","LUDHIANA(DEPUTY COMMISSIONER LUDHIANA_IDA)","AMRINDER SINGH RAJA WARRING","LUDHIANA","Public Lift, Lawyers Chamber Complex, Ward no-01, Jagraon, Distt. Ludhiana","02-Jan-2025","2500000","30-Jan-2025"
"115","Normal/Others","WS/MP18157/2024-2025/163245- Laying of synthetic turfs for hockey and football","Punjab","LUDHIANA(DEPUTY COMMISSIONER LUDHIANA_IDA)","AMRINDER SINGH RAJA WARRING","LUDHIANA","Synthetic Badminton Court Mat, Mini Rose Garden, New Kidwai Nagar, Ward no-53, Distt. Ludhiana","02-Jan-2025","250000","30-Jan-2025"
"116","Normal/Others","WS/MP18157/2025-2026/236878- Laying of synthetic turfs for hockey and football","Punjab","LUDHIANA(DEPUTY COMMISSIONER LUDHIANA_IDA)","AMRINDER SINGH RAJA WARRING","LUDHIANA","Synthetic Badminton Court Mat in Mini Rose Garden, New Kidwai Nagar, Ward no-53, Distt. Ludhiana","23-Sep-2025","250000","09-Dec-2025"
"117","Normal/Others","WS/MP18157/2025-2026/188715-Construction of buildings for sports facilities","Punjab","LUDHIANA(DEPUTY COMMISSIONER LUDHIANA_IDA)","AMRINDER SINGH RAJA WARRING","LUDHIANA","Construction of Gym Room in Vill. Talwandi Kalan, Block Sidhwan Bet, Distt. Ludhiana.","02-Apr-2025","300000","08-May-2025"
"118","Normal/Others","WS/MP18157/2025-2026/188730-Construction of buildings for sports facilities","Punjab","LUDHIANA(DEPUTY COMMISSIONER LUDHIANA_IDA)","AMRINDER SINGH RAJA WARRING","LUDHIANA","Construction of Gym Room in Vill. Ranke, Block Sidhwan Bet, Distt. Ludhiana.","02-Apr-2025","300000","08-May-2025"
"119","Normal/Others","WS/MP18157/2025-2026/188731-Construction of buildings for sports facilities","Punjab","LUDHIANA(DEPUTY COMMISSIONER LUDHIANA_IDA)","AMRINDER SINGH RAJA WARRING","LUDHIANA","Construction of Gym Room in Vill. Bassian Bet, Block Sidhwan Bet, Distt. Ludhiana.","02-Apr-2025","400000","08-May-2025"
"120","Normal/Others","WS/MP18157/2025-2026/188708-Construction of buildings for sports facilities","Punjab","LUDHIANA(DEPUTY COMMISSIONER LUDHIANA_IDA)","AMRINDER SINGH RAJA WARRING","LUDHIANA","Construction of Sports Room in Play Ground In Vill. Dholan, Block Pakhowal, Distt. Ludhiana","02-Apr-2025","400000","08-Oct-2025"
"121","Normal/Others","WS/MP18157/2026-2027/276679-Construction of buildings for sports facilities","Punjab","LUDHIANA(DEPUTY COMMISSIONER LUDHIANA_IDA)","AMRINDER SINGH RAJA WARRING","LUDHIANA","Construction of Indoor Gym Room in Vill. Morkarima, Block Sidhwan Bet, Distt. Ludhiana","30-Mar-2026","500000","30-Jul-2026"
"122","Normal/Others","WS/MP18157/2025-2026/188700-Construction of buildings for multi-gym","Punjab","LUDHIANA(DEPUTY COMMISSIONER LUDHIANA_IDA)","AMRINDER SINGH RAJA WARRING","LUDHIANA","Construction of Gym Room  In Vill. Khandoor, Block Pakhowal, Distt. Ludhiana","02-Apr-2025","500000","09-May-2025"
"123","Normal/Others","WS/MP18157/2025-2026/178650-Installation of multi-gym equipment","Punjab","LUDHIANA(DEPUTY COMMISSIONER LUDHIANA_IDA)","AMRINDER SINGH RAJA WARRING","LUDHIANA","Provisioning of Multi Garden Gym Machines and Playground Swings at Park at Opp. House no.3146, Sector-32A, Ward no.19, Distt. Ludhiana","03-Mar-2025","299236","22-Aug-2025"
"124","Normal/Others","WS/MP18157/2025-2026/178651-Installation of multi-gym equipment","Punjab","LUDHIANA(DEPUTY COMMISSIONER LUDHIANA_IDA)","AMRINDER SINGH RAJA WARRING","LUDHIANA","Provisioning of Multi Garden Gym Machines and Playground Swings at adjoining GRD Colony, Sector 39, Ward no.19, Distt. Ludhiana","03-Mar-2025","299236","19-Dec-2025"
"125","Normal/Others","WS/MP18157/2025-2026/178652-Installation of multi-gym equipment","Punjab","LUDHIANA(DEPUTY COMMISSIONER LUDHIANA_IDA)","AMRINDER SINGH RAJA WARRING","LUDHIANA","Provisioning of Multi Garden Gym Machines and Playground Swings at Rajan Dhani Kothi no.117, Sector-39A, Opp. Moti Nagar Police Station Back Side Govt. Collage, Ward no.19, Distt. Ludhiana","03-Mar-2025","299236","22-Aug-2025"
"126","Normal/Others","WS/MP18157/2024-2025/172297-Installation of multi-gym equipment","Punjab","LUDHIANA(DEPUTY COMMISSIONER LUDHIANA_IDA)","AMRINDER SINGH RAJA WARRING","LUDHIANA","Provisioning of Indoor Gym Machines in Village Bodalwala, Distt. Ludhiana","04-Feb-2025","200000","28-Mar-2025"
"127","Normal/Others","WS/MP18157/2025-2026/188773-Installation of multi-gym equipment","Punjab","LUDHIANA(DEPUTY COMMISSIONER LUDHIANA_IDA)","AMRINDER SINGH RAJA WARRING","LUDHIANA","Provisioning of Indoor Gym Machines in Vill. Bassian Bet, Block Sidhwan Bet, Distt. Ludhiana","02-Apr-2025","200000","21-Jul-2025"
"128","Normal/Others","WS/MP18157/2025-2026/236874-Installation of multi-gym equipment","Punjab","LUDHIANA(DEPUTY COMMISSIONER LUDHIANA_IDA)","AMRINDER SINGH RAJA WARRING","LUDHIANA","Provisioning of Indoor Gym Machines in Village Hathur, Distt. Ludhiana","23-Sep-2025","200000","18-Dec-2025"
"129","Normal/Others","WS/MP18157/2025-2026/236875-Installation of multi-gym equipment","Punjab","LUDHIANA(DEPUTY COMMISSIONER LUDHIANA_IDA)","AMRINDER SINGH RAJA WARRING","LUDHIANA","Provisioning of Indoor Gym Machines in Village Gagra, Distt. Ludhiana","23-Sep-2025","200000","18-Dec-2025"
"130","Normal/Others","WS/MP18157/2025-2026/198817-Installation of multi-gym equipment","Punjab","LUDHIANA(DEPUTY COMMISSIONER LUDHIANA_IDA)","AMRINDER SINGH RAJA WARRING","LUDHIANA","Provisioning of Multi Garden Gym Machines at Panchsheel Park, Urban Estate, Phase-1, Dugri Road, Ward no-50, Distt. Ludhiana","13-May-2025","399178","19-Dec-2025"
"131","Normal/Others","NA-Installation of multi-gym equipment","Punjab","LUDHIANA(DEPUTY COMMISSIONER LUDHIANA_IDA)","AMRINDER SINGH RAJA WARRING","LUDHIANA","Provisioning of Multi Garden Gym Machines In Park No. 50, Ward no. 51, Model Town, Distt. Ludhiana","27-Mar-2026","400000","NA"
"132","Normal/Others","NA-Installation of multi-gym equipment","Punjab","LUDHIANA(DEPUTY COMMISSIONER LUDHIANA_IDA)","AMRINDER SINGH RAJA WARRING","LUDHIANA","Provision of canopy In Park no. 9, Ward no. 51, Model Town, Distt. Ludhiana","27-Mar-2026","100000","NA"
"133","Normal/Others","NA-Installation of multi-gym equipment","Punjab","LUDHIANA(DEPUTY COMMISSIONER LUDHIANA_IDA)","AMRINDER SINGH RAJA WARRING","LUDHIANA","Provisioning of Multi Garden Gym Machines in Park of Village Alamgir, Block Ludhiana-1, Distt. Ludhiana","27-Mar-2026","400000","NA"
"134","Normal/Others","NA-Installation of multi-gym equipment","Punjab","LUDHIANA(DEPUTY COMMISSIONER LUDHIANA_IDA)","AMRINDER SINGH RAJA WARRING","LUDHIANA","Provisioning of Multi Garden Gym Machines In Tutiyan wala Mandir Park, W.no.88, Ludhiana","27-Mar-2026","400000","NA"
"135","Normal/Others","NA-Installation of multi-gym equipment","Punjab","LUDHIANA(DEPUTY COMMISSIONER LUDHIANA_IDA)","AMRINDER SINGH RAJA WARRING","LUDHIANA","Provisioning of Multi Garden Gym Machines in Park of Amargarh Kaler, Block Jagraon, Distt. Ludhiana","27-Mar-2026","400000","NA"
"136","Normal/Others","NA-Installation of multi-gym equipment","Punjab","LUDHIANA(DEPUTY COMMISSIONER LUDHIANA_IDA)","AMRINDER SINGH RAJA WARRING","LUDHIANA","Provisioning of Multi Garden Gym Machines In Golden Avenue Park, Ward no. 7, Halka East, Distt. Ludhiana","20-Jan-2026","400000","NA"
"137","Normal/Others","NA-Installation of multi-gym equipment","Punjab","LUDHIANA(DEPUTY COMMISSIONER LUDHIANA_IDA)","AMRINDER SINGH RAJA WARRING","LUDHIANA","Provisioning of Multi Garden Gym Machines in Sant Sunder Singh Nagar, Dhandra Road, Vill. Tera Nagar, Block Ludhiana-1, Halka, Gill, Distt. Ludhiana","10-Mar-2026","400000","NA"
"138","Normal/Others","NA-Installation of multi-gym equipment","Punjab","LUDHIANA(DEPUTY COMMISSIONER LUDHIANA_IDA)","AMRINDER SINGH RAJA WARRING","LUDHIANA","Provisioning of Multi Garden Gym Machines in Vill. Janta Enclave, Block Ludhiana-1, Halka, Gill, Distt. Ludhian","10-Mar-2026","400000","NA"
"139","Normal/Others","NA-Installation of multi-gym equipment","Punjab","LUDHIANA(DEPUTY COMMISSIONER LUDHIANA_IDA)","AMRINDER SINGH RAJA WARRING","LUDHIANA","Provisioning of Multi Garden Gym Machines in Vill. Basant Avenue, Block Ludhiana-1, Halka, Gill, Distt. Ludhian","10-Mar-2026","400000","NA"
"140","Normal/Others","NA-Installation of fixed garden gym equipment","Punjab","LUDHIANA(DEPUTY COMMISSIONER LUDHIANA_IDA)","AMRINDER SINGH RAJA WARRING","LUDHIANA","Provisioning of Indoor Gym Machines in Village Lakha, Block Jagraon, Halka, Jagraon, Distt. Ludhiana","10-Mar-2026","200000","NA"
"141","Normal/Others","NA-Installation of fixed garden gym equipment","Punjab","LUDHIANA(DEPUTY COMMISSIONER LUDHIANA_IDA)","AMRINDER SINGH RAJA WARRING","LUDHIANA","Provisioning of Indoor Gym Machines in The Shamsher Nagar (Defence Colony), Housing Co-Op Maintenance Society Ltd., BRS Nagar, Ward no.73, Distt. Ludhiana","09-Feb-2026","200000","NA"
"142","Normal/Others","NA-Installation of fixed garden gym equipment","Punjab","LUDHIANA(DEPUTY COMMISSIONER LUDHIANA_IDA)","AMRINDER SINGH RAJA WARRING","LUDHIANA","Provisioning of Multi Garden Gym Machines in Park of Near Dana Mandi Road, Ward no. 46, Distt. Ludhiana","27-Mar-2026","400000","NA"
"143","Normal/Others","WS/MP18157/2024-2025/163154-Installation of fixed garden gym equipment","Punjab","LUDHIANA(DEPUTY COMMISSIONER LUDHIANA_IDA)","AMRINDER SINGH RAJA WARRING","LUDHIANA","Provisioning of Multi Garden Gym Machines in Park, Ward no-40, Distt. Ludhiana","02-Jan-2025","399178","30-Jan-2025"
"144","Normal/Others","WS/MP18157/2024-2025/163170-Installation of fixed garden gym equipment","Punjab","LUDHIANA(DEPUTY COMMISSIONER LUDHIANA_IDA)","AMRINDER SINGH RAJA WARRING","LUDHIANA","Provisioning of Multi Garden Gym Machines in Park, Ward no-30, Distt. Ludhiana","02-Jan-2025","399178","30-Jan-2025"
"145","Normal/Others","WS/MP18157/2024-2025/163172-Installation of fixed garden gym equipment","Punjab","LUDHIANA(DEPUTY COMMISSIONER LUDHIANA_IDA)","AMRINDER SINGH RAJA WARRING","LUDHIANA","Provisioning of Multi Garden Gym Machines, Pashuram Park, Ward no-50, Distt. Ludhiana","02-Jan-2025","399178","30-Jan-2025"
"146","Normal/Others","WS/MP18157/2024-2025/163179-Installation of fixed garden gym equipment","Punjab","LUDHIANA(DEPUTY COMMISSIONER LUDHIANA_IDA)","AMRINDER SINGH RAJA WARRING","LUDHIANA","Provisioning of Multi Garden Gym Machines, 125 gaj vala Park, Phase-2, Ward no-44, Distt. Ludhiana","02-Jan-2025","399178","30-Jan-2025"
"147","Normal/Others","WS/MP18157/2024-2025/163181-Installation of fixed garden gym equipment","Punjab","LUDHIANA(DEPUTY COMMISSIONER LUDHIANA_IDA)","AMRINDER SINGH RAJA WARRING","LUDHIANA","Provisioning of Multi Garden Gym Machines, 150gaj vala Park, Phase-2, Ward no-44, Distt. Ludhiana","02-Jan-2025","399178","30-Jan-2025"
"148","Normal/Others","WS/MP18157/2024-2025/163182-Installation of fixed garden gym equipment","Punjab","LUDHIANA(DEPUTY COMMISSIONER LUDHIANA_IDA)","AMRINDER SINGH RAJA WARRING","LUDHIANA","Provisioning of Multi Garden Gym Machines, 150gaj vala Park, Back Side LIC Office, Phase-1, Dugri, Ward no-44, Distt. Ludhiana","02-Jan-2025","399178","30-Jan-2025"
"149","Normal/Others","WS/MP18157/2024-2025/163198-Installation of fixed garden gym equipment","Punjab","LUDHIANA(DEPUTY COMMISSIONER LUDHIANA_IDA)","AMRINDER SINGH RAJA WARRING","LUDHIANA","Provisioning of Multi Garden Gym Machines, Park at LIG Flat Phase-1, Opp. Kohli Property Dealer, Ward no-44, Distt. Ludhiana","02-Jan-2025","399178","30-Jan-2025"
"150","Normal/Others","WS/MP18157/2024-2025/163203-Installation of fixed garden gym equipment","Punjab","LUDHIANA(DEPUTY COMMISSIONER LUDHIANA_IDA)","AMRINDER SINGH RAJA WARRING","LUDHIANA","Provisioning of Multi Garden Gym Machines, Tube well vala Park, Main Dugri Road, Opp. Petrol Pump, Ward no-44, Distt. Ludhiana","02-Jan-2025","399178","30-Jan-2025"
"151","Normal/Others","WS/MP18157/2024-2025/163206-Installation of fixed garden gym equipment","Punjab","LUDHIANA(DEPUTY COMMISSIONER LUDHIANA_IDA)","AMRINDER SINGH RAJA WARRING","LUDHIANA","Provisioning of Multi Garden Gym Machines, Basant Park, Jaimal Road, Janta Nagar, Ward no-41, Distt. Ludhiana","02-Jan-2025","399178","30-Jan-2025"
"152","Normal/Others","WS/MP18157/2025-2026/163208-Installation of fixed garden gym equipment","Punjab","LUDHIANA(DEPUTY COMMISSIONER LUDHIANA_IDA)","AMRINDER SINGH RAJA WARRING","LUDHIANA","Provisioning of Multi Garden Gym Machines, Wine Wood Colony, Ishar Nagar, Ward no-34, Distt. Ludhiana","02-Jan-2025","399178","03-Oct-2025"
"153","Normal/Others","WS/MP18157/2024-2025/157069-Development of public parks","Punjab","LUDHIANA(DEPUTY COMMISSIONER LUDHIANA_IDA)","AMRINDER SINGH RAJA WARRING","LUDHIANA","Installation Rain Shelter Mini Rose Garden Park, New Kidwai Nagar, Ward no-53, Distt. Ludhiana","05-Dec-2024","800000","05-Mar-2025"
"154","Normal/Others","WS/MP18157/2024-2025/172494-Development of public parks","Punjab","LUDHIANA(DEPUTY COMMISSIONER LUDHIANA_IDA)","AMRINDER SINGH RAJA WARRING","LUDHIANA","Construction of Boundary Wall and fencing of Park in Village Dhandra, Block Ludhiana-1, Distt. Ludhiana","04-Feb-2025","500000","17-Mar-2025"
"155","Normal/Others","NA-Development of public parks","Punjab","LUDHIANA(DEPUTY COMMISSIONER LUDHIANA_IDA)","AMRINDER SINGH RAJA WARRING","LUDHIANA","Provision of canopy and Playground Swings In Rajguru Nagar Park, 250-A, Rajguru Nagar, Block-A, Distt. Ludhiana","27-Mar-2026","500000","NA"
"156","Normal/Others","WS/MP18157/2026-2027/276677-Development of public parks","Punjab","LUDHIANA(DEPUTY COMMISSIONER LUDHIANA_IDA)","AMRINDER SINGH RAJA WARRING","LUDHIANA","Provision of Grass and Grass Sprinkler In Park of Vill. Boparai Kalan, Block Sudhar, Distt. Ludhiana","30-Mar-2026","200000","30-Jul-2026"
"157","Normal/Others","WS/MP18157/2026-2027/276678-Development of public parks","Punjab","LUDHIANA(DEPUTY COMMISSIONER LUDHIANA_IDA)","AMRINDER SINGH RAJA WARRING","LUDHIANA","Provisioning of Swings in Playground In Park of Vill. Boparai Kalan, Block Sudhar, Distt. Ludhiana","30-Mar-2026","100000","30-Jul-2026"
"158","Normal/Others","WS/MP18157/2026-2027/276673-Development of public parks","Punjab","LUDHIANA(DEPUTY COMMISSIONER LUDHIANA_IDA)","AMRINDER SINGH RAJA WARRING","LUDHIANA","Construction of Walking Path with interlocking tiles in Park of Vill. Boparai Kalan, Block Sudhar, Distt. Ludhiana","30-Mar-2026","500000","04-Aug-2026"
"159","Normal/Others","NA-Development of public parks","Punjab","LUDHIANA(DEPUTY COMMISSIONER LUDHIANA_IDA)","AMRINDER SINGH RAJA WARRING","LUDHIANA","Provisioning of Swings in Playground In Vill Tera Nagar, Block Ludhiana-1, Halka, Gill, Distt. Ludhian","10-Mar-2026","100000","NA"
"160","Normal/Others","NA-Development of playfields and sports grounds","Punjab","LUDHIANA(DEPUTY COMMISSIONER LUDHIANA_IDA)","AMRINDER SINGH RAJA WARRING","LUDHIANA","Construction of New Volleyball Court in Industrial Estate Playground in Play Ground of Ward no. 74, Halka Central,  Distt. Ludhiana","20-Jan-2026","700000","NA"
"161","Repair and Renovation","WS/MP18157/2025-2026/188767-Development of playfields and sports grounds","Punjab","LUDHIANA(DEPUTY COMMISSIONER LUDHIANA_IDA)","AMRINDER SINGH RAJA WARRING","LUDHIANA","Repair and Renovation of Boundary Wall of Play Ground in Vill. Khanjarwal, Block Sidhwan Bet, Distt. Ludhiana","02-Apr-2025","200000","08-May-2025"
"162","Normal/Others","WS/MP18157/2025-2026/188772-Development of playfields and sports grounds","Punjab","LUDHIANA(DEPUTY COMMISSIONER LUDHIANA_IDA)","AMRINDER SINGH RAJA WARRING","LUDHIANA","Construction of New volleyball and new badminton court in Vill. Play Ground, Vill.  Gahor, Block Sudhar, Distt. Ludhiana","02-Apr-2025","300000","07-May-2025"
"163","Normal/Others","WS/MP18157/2026-2027/260382-Lighting of public spaces","Punjab","LUDHIANA(DEPUTY COMMISSIONER LUDHIANA_IDA)","AMRINDER SINGH RAJA WARRING","LUDHIANA","Installation of High Mast Light at Old Sabji Mandi Chowk, Ward no. 85, Halka Central, Distt. Ludhiana","20-Jan-2026","699673","16-Apr-2026"
"164","Normal/Others","WS/MP18157/2025-2026/157059-Setting up public non-conventional energy plants","Punjab","LUDHIANA(DEPUTY COMMISSIONER LUDHIANA_IDA)","AMRINDER SINGH RAJA WARRING","LUDHIANA","Installation of 12-KW Solar system plant at Government College for Girls, Bharat Nagar Chowk, Ward no-66, Distt. Ludhiana","05-Dec-2024","503856","26-Nov-2025"
"165","Normal/Others","WS/MP18157/2025-2026/157061-Setting up public non-conventional energy plants","Punjab","LUDHIANA(DEPUTY COMMISSIONER LUDHIANA_IDA)","AMRINDER SINGH RAJA WARRING","LUDHIANA","Installation of 20KW Solar system plant at Government College East, Sector-39, Chandigarh Road, Distt. Ludhiana","05-Dec-2024","839760","26-Nov-2025"
"166","Normal/Others","WS/MP18157/2025-2026/172341-Street lights","Punjab","LUDHIANA(DEPUTY COMMISSIONER LUDHIANA_IDA)","AMRINDER SINGH RAJA WARRING","LUDHIANA","Installation of 15 Solar Lights in Village Bains, Block Ludhiana-1, Distt. Ludhiana","04-Feb-2025","150566","02-May-2025"
"167","Normal/Others","WS/MP18157/2025-2026/172343-Street lights","Punjab","LUDHIANA(DEPUTY COMMISSIONER LUDHIANA_IDA)","AMRINDER SINGH RAJA WARRING","LUDHIANA","Installation of 30 Solar Lights in Village Umaidpur, Block Dehlon, Distt. Ludhiana","04-Feb-2025","347460","02-May-2025"
"168","Normal/Others","WS/MP18157/2025-2026/172344-Street lights","Punjab","LUDHIANA(DEPUTY COMMISSIONER LUDHIANA_IDA)","AMRINDER SINGH RAJA WARRING","LUDHIANA","Installation of 34 Solar Lights in Village Nishant Bagh Colony, Block Ludhiana-1, Distt. Ludhiana","04-Feb-2025","393788","02-May-2025"
"169","Normal/Others","WS/MP18157/2025-2026/172345-Street lights","Punjab","LUDHIANA(DEPUTY COMMISSIONER LUDHIANA_IDA)","AMRINDER SINGH RAJA WARRING","LUDHIANA","Installation of 17 Solar Lights in Village Rajapur Patti, Block Ludhiana-1, Distt. Ludhiana","04-Feb-2025","196894","02-May-2025"
"170","Normal/Others","WS/MP18157/2025-2026/188688-Street lights","Punjab","LUDHIANA(DEPUTY COMMISSIONER LUDHIANA_IDA)","AMRINDER SINGH RAJA WARRING","LUDHIANA","Installation of Solar Lights In Vill. Phallewal, Block Pakhowal, Distt. Ludhiana","01-Apr-2025","222699","02-May-2025"
"171","Normal/Others","WS/MP18157/2025-2026/188689-Street lights","Punjab","LUDHIANA(DEPUTY COMMISSIONER LUDHIANA_IDA)","AMRINDER SINGH RAJA WARRING","LUDHIANA","Installation of Solar Lights In Vill. Gure, Block Sidhwan Bet, Distt Ludhiana","01-Apr-2025","164094","02-May-2025"
"172","Normal/Others","WS/MP18157/2025-2026/188690-Street lights","Punjab","LUDHIANA(DEPUTY COMMISSIONER LUDHIANA_IDA)","AMRINDER SINGH RAJA WARRING","LUDHIANA","Installation of Solar Lights In Vill. Jodhan, Block Pakhowal, Distt Ludhiana","01-Apr-2025","492282","02-May-2025"
"173","Normal/Others","WS/MP18157/2025-2026/188691-Street lights","Punjab","LUDHIANA(DEPUTY COMMISSIONER LUDHIANA_IDA)","AMRINDER SINGH RAJA WARRING","LUDHIANA","Installation of Solar Lights In Vill. Mohi, Block Sudhar, Distt Ludhiana","01-Apr-2025","281304","02-May-2025"
"174","Normal/Others","WS/MP18157/2025-2026/188692-Street lights","Punjab","LUDHIANA(DEPUTY COMMISSIONER LUDHIANA_IDA)","AMRINDER SINGH RAJA WARRING","LUDHIANA","Installation of Solar Lights In Vill. Majri, Block Sidhwan Bet, Distt. Ludhiana","01-Apr-2025","222699","02-May-2025"
"175","Normal/Others","WS/MP18157/2025-2026/188693-Street lights","Punjab","LUDHIANA(DEPUTY COMMISSIONER LUDHIANA_IDA)","AMRINDER SINGH RAJA WARRING","LUDHIANA","Installation of Solar Lights In Vill. Gorahur, Block Sidhwan Bet, Distt. Ludhiana","01-Apr-2025","164094","02-May-2025"
"176","Normal/Others","WS/MP18157/2025-2026/172365-Street lights","Punjab","LUDHIANA(DEPUTY COMMISSIONER LUDHIANA_IDA)","AMRINDER SINGH RAJA WARRING","LUDHIANA","Installation of LED Street Lights in Village Bhattian Bet, Block-1, Distt. Ludhiana","04-Feb-2025","249916","09-May-2025"
"177","Normal/Others","WS/MP18157/2025-2026/198815-Street lights","Punjab","LUDHIANA(DEPUTY COMMISSIONER LUDHIANA_IDA)","AMRINDER SINGH RAJA WARRING","LUDHIANA","Installation of Solar Lights in Village Majri, Block Sidhwan Bet, Distt. Ludhiana","13-May-2025","105489","28-Jul-2025"
"178","Normal/Others","WS/MP18157/2025-2026/232167-Street lights","Punjab","LUDHIANA(DEPUTY COMMISSIONER LUDHIANA_IDA)","AMRINDER SINGH RAJA WARRING","LUDHIANA","25 Solar lights in Vill. Hargobind Nagar (Mini Chhapar) Block Pakhowal, Distt. Ludhiana","08-Sep-2025","293025","26-Nov-2025"
"179","Normal/Others","WS/MP18157/2025-2026/241166-Street lights","Punjab","LUDHIANA(DEPUTY COMMISSIONER LUDHIANA_IDA)","AMRINDER SINGH RAJA WARRING","LUDHIANA","21 Solar lights In Vill. Rajjowal, Block Ludhiana-1, Distt. Ludhiana","09-Oct-2025","235557","14-Jan-2026"
"180","Normal/Others","WS/MP18157/2025-2026/241167-Street lights","Punjab","LUDHIANA(DEPUTY COMMISSIONER LUDHIANA_IDA)","AMRINDER SINGH RAJA WARRING","LUDHIANA","17 Solar lights In Vill. Dolon Khurd, Block Ludhiana-1, Distt. Ludhiana","09-Oct-2025","190689","14-Jan-2026"
"181","Normal/Others","WS/MP18157/2025-2026/241168-Street lights","Punjab","LUDHIANA(DEPUTY COMMISSIONER LUDHIANA_IDA)","AMRINDER SINGH RAJA WARRING","LUDHIANA","17 Solar lights In Nitesh Vihar Housing Welfare Society (Regd.), Vill. Shaheed Bhagat Singh Nagar, Block Ludhiana-1, Distt. Ludhiana","09-Oct-2025","190689","20-Jan-2026"
"182","Normal/Others","WS/MP18157/2025-2026/241169-Street lights","Punjab","LUDHIANA(DEPUTY COMMISSIONER LUDHIANA_IDA)","AMRINDER SINGH RAJA WARRING","LUDHIANA","17 Solar lights In Vill. Rania, Block Ludhiana-1, Distt. Ludhiana","09-Oct-2025","190689","14-Jan-2026"
"183","Normal/Others","WS/MP18157/2025-2026/241170-Street lights","Punjab","LUDHIANA(DEPUTY COMMISSIONER LUDHIANA_IDA)","AMRINDER SINGH RAJA WARRING","LUDHIANA","09 Solar lights In Vill. Qutabewal Araian, Block Ludhiana-1, Distt. Ludhiana","09-Oct-2025","100953","14-Jan-2026"
"184","Normal/Others","WS/MP18157/2025-2026/249625-Street lights","Punjab","LUDHIANA(DEPUTY COMMISSIONER LUDHIANA_IDA)","AMRINDER SINGH RAJA WARRING","LUDHIANA","50 Solar lights in Vill. Hambran, Block Ludhiana-1, Distt. Ludhiana","20-Nov-2025","560850","02-Jan-2026"
"185","Normal/Others","WS/MP18157/2026-2027/260441-Street lights","Punjab","LUDHIANA(DEPUTY COMMISSIONER LUDHIANA_IDA)","AMRINDER SINGH RAJA WARRING","LUDHIANA","Installation of 45 LED Street Lights In Ward no. 7, Halka East, Distt. Ludhiana","20-Jan-2026","209791","16-Apr-2026"
"186","Normal/Others","WS/MP18157/2026-2027/260443-Street lights","Punjab","LUDHIANA(DEPUTY COMMISSIONER LUDHIANA_IDA)","AMRINDER SINGH RAJA WARRING","LUDHIANA","Installation of 32 LED Street Lights In Ward no. 26, Halka East, Distt. Ludhiana","20-Jan-2026","149840","16-Apr-2026"
"187","Normal/Others","WS/MP18157/2026-2027/260445-Street lights","Punjab","LUDHIANA(DEPUTY COMMISSIONER LUDHIANA_IDA)","AMRINDER SINGH RAJA WARRING","LUDHIANA","Installation of 65 LED Street Lights In Ward no. 12, Distt. Halka East Ludhiana","20-Jan-2026","298932","16-Apr-2026"
"188","Normal/Others","WS/MP18157/2026-2027/260448-Street lights","Punjab","LUDHIANA(DEPUTY COMMISSIONER LUDHIANA_IDA)","AMRINDER SINGH RAJA WARRING","LUDHIANA","Installation of 110 LED Street Lights In Ward no. 93, Halka North Distt. Ludhiana","20-Jan-2026","499813","16-Apr-2026"
"189","Normal/Others","WS/MP18157/2026-2027/260455-Street lights","Punjab","LUDHIANA(DEPUTY COMMISSIONER LUDHIANA_IDA)","AMRINDER SINGH RAJA WARRING","LUDHIANA","Installation of 32 LED Street Lights In Ward no. 46, Halka Atam Nagar,  Distt. Ludhiana","20-Jan-2026","149392","16-Apr-2026"
"190","Normal/Others","WS/MP18157/2026-2027/260457-Street lights","Punjab","LUDHIANA(DEPUTY COMMISSIONER LUDHIANA_IDA)","AMRINDER SINGH RAJA WARRING","LUDHIANA","Installation of 30 LED Street Lights with Pool In Ward no. 2, Halka East,  Distt. Ludhiana","20-Jan-2026","299674","16-Apr-2026"
"191","Normal/Others","NA-Street lights","Punjab","LUDHIANA(DEPUTY COMMISSIONER LUDHIANA_IDA)","AMRINDER SINGH RAJA WARRING","LUDHIANA","Installation of 4 Solar Lights In Vill. Ghungrana, Block Pakhowal, Distt. Ludhiana","30-Mar-2026","48000","NA"
"192","Normal/Others","WS/MP18157/2026-2027/276276-Street lights","Punjab","LUDHIANA(DEPUTY COMMISSIONER LUDHIANA_IDA)","AMRINDER SINGH RAJA WARRING","LUDHIANA","Installation of 32 LED Street Lights with Pole In Back side Police Station Dugri to Jain Mandir (200ft Road), Ward no. 48, Distt. Ludhiana","27-Mar-2026","349888","15-Jul-2026"
"193","Normal/Others","WS/MP18157/2026-2027/276278-Street lights","Punjab","LUDHIANA(DEPUTY COMMISSIONER LUDHIANA_IDA)","AMRINDER SINGH RAJA WARRING","LUDHIANA","Installation of 50 LED Street Lights In Ward no. 66, Distt. Ludhiana","27-Mar-2026","149979","15-Jul-2026"
"194","Normal/Others","WS/MP18157/2026-2027/276279-Street lights","Punjab","LUDHIANA(DEPUTY COMMISSIONER LUDHIANA_IDA)","AMRINDER SINGH RAJA WARRING","LUDHIANA","Installation of 50 LED Street Lights In Ward no. 67, Distt. Ludhiana","27-Mar-2026","149979","15-Jul-2026"
"195","Normal/Others","WS/MP18157/2026-2027/276280-Street lights","Punjab","LUDHIANA(DEPUTY COMMISSIONER LUDHIANA_IDA)","AMRINDER SINGH RAJA WARRING","LUDHIANA","Installation of 50 LED Street Lights In Ward no. 90, Distt. Ludhiana","27-Mar-2026","149979","15-Jul-2026"
"196","Normal/Others","WS/MP18157/2026-2027/276281-Street lights","Punjab","LUDHIANA(DEPUTY COMMISSIONER LUDHIANA_IDA)","AMRINDER SINGH RAJA WARRING","LUDHIANA","Installation of 50 LED Street Lights In Ward no. 92, Distt. Ludhiana","27-Mar-2026","149979","15-Jul-2026"
"197","Normal/Others","NA-Street lights","Punjab","LUDHIANA(DEPUTY COMMISSIONER LUDHIANA_IDA)","AMRINDER SINGH RAJA WARRING","LUDHIANA","Installation of 10 Solar Lights in Doctor Lane Block A, Model Town, Ext., Ward no. 53, Distt. Ludhiana","27-Mar-2026","120000","NA"
"198","Normal/Others","WS/MP18157/2025-2026/252269-Installation/ Construction of Anti-Pollution structure","Punjab","LUDHIANA(DEPUTY COMMISSIONER LUDHIANA_IDA)","AMRINDER SINGH RAJA WARRING","LUDHIANA","Provision of Five (5) fogging machines in ward no. 93, Halka North,  Distt. Ludhiana","05-Dec-2025","312500","18-Feb-2026"
"199","Normal/Others","WS/MP18157/2025-2026/241194-Fitting of Sitting RCC Benches in Public Places","Punjab","LUDHIANA(DEPUTY COMMISSIONER LUDHIANA_IDA)","AMRINDER SINGH RAJA WARRING","LUDHIANA","Sitting RCC Benches For Vill. Rangian, Block Dehlon, Distt. Ludhiana","09-Oct-2025","100000","27-Nov-2025"
"200","Normal/Others","WS/MP18157/2025-2026/232177-Fitting of Sitting RCC Benches in Public Places","Punjab","LUDHIANA(DEPUTY COMMISSIONER LUDHIANA_IDA)","AMRINDER SINGH RAJA WARRING","LUDHIANA","Sitting RCC Benches In Vill. Kailpur, Block Sudhar, Distt. Ludhiana","08-Sep-2025","100000","13-Nov-2025"
"201","Normal/Others","WS/MP18157/2025-2026/188766-Fitting of Sitting RCC Benches in Public Places","Punjab","LUDHIANA(DEPUTY COMMISSIONER LUDHIANA_IDA)","AMRINDER SINGH RAJA WARRING","LUDHIANA","RCC Sitting Bench In Vill. New Salempura, Block Sidhwan Bet, Distt. Ludhiana","02-Apr-2025","84000","08-May-2025"
"202","Normal/Others","WS/MP18157/2025-2026/188726-Fitting of Sitting RCC Benches in Public Places","Punjab","LUDHIANA(DEPUTY COMMISSIONER LUDHIANA_IDA)","AMRINDER SINGH RAJA WARRING","LUDHIANA","RCC Sitting Bench In Vill. Gorsian Khan Mohammad, Block Sidhwan Bet, Distt. Ludhiana.","02-Apr-2025","50000","08-May-2025"
"203","Normal/Others","WS/MP18157/2025-2026/188727-Fitting of Sitting RCC Benches in Public Places","Punjab","LUDHIANA(DEPUTY COMMISSIONER LUDHIANA_IDA)","AMRINDER SINGH RAJA WARRING","LUDHIANA","RCC Sitting Bench In Vill. Kot Umra, Block Sidhwan Bet, Distt. Ludhiana.","02-Apr-2025","165000","08-May-2025"
"204","Normal/Others","WS/MP18157/2024-2025/172453-Fitting of Sitting RCC Benches in Public Places","Punjab","LUDHIANA(DEPUTY COMMISSIONER LUDHIANA_IDA)","AMRINDER SINGH RAJA WARRING","LUDHIANA","RCC Sitting Bench in Village Nishant Bagh Colony, Block Ludhiana-1, Distt. Ludhiana","04-Feb-2025","100000","17-Mar-2025"
"205","Normal/Others","WS/MP18157/2024-2025/172491-Fitting of Sitting RCC Benches in Public Places","Punjab","LUDHIANA(DEPUTY COMMISSIONER LUDHIANA_IDA)","AMRINDER SINGH RAJA WARRING","LUDHIANA","RCC Sitting Bench in Village Duley, Block Ludhiana-1, Distt. Ludhiana","04-Feb-2025","100000","17-Mar-2025"
"206","Normal/Others","WS/MP18157/2024-2025/157073-Fitting of Sitting RCC Benches in Public Places","Punjab","LUDHIANA(DEPUTY COMMISSIONER LUDHIANA_IDA)","AMRINDER SINGH RAJA WARRING","LUDHIANA","30RCC Sitting Bench at Guru Nanak Colony Park, Dhandari, Ward no-30, Distt. Ludhiana","05-Dec-2024","167000","10-Feb-2025"
"207","Normal/Others","WS/MP18157/2024-2025/157075-Fitting of Sitting RCC Benches in Public Places","Punjab","LUDHIANA(DEPUTY COMMISSIONER LUDHIANA_IDA)","AMRINDER SINGH RAJA WARRING","LUDHIANA","25RCC Sitting Bench at Bhagat Ravidas ji Park, Reru Sahib, Ward no-32, Distt. Ludhiana","05-Dec-2024","139562","10-Feb-2025"
"208","Normal/Others","WS/MP18157/2024-2025/157076-Fitting of Sitting RCC Benches in Public Places","Punjab","LUDHIANA(DEPUTY COMMISSIONER LUDHIANA_IDA)","AMRINDER SINGH RAJA WARRING","LUDHIANA","15RCC Sitting Bench at Lovely Lab vala Park, Giaspura, Distt. Ludhiana","05-Dec-2024","83737","10-Feb-2025"
"209","Normal/Others","WS/MP18157/2024-2025/163213-Fitting of Sitting RCC Benches in Public Places","Punjab","LUDHIANA(DEPUTY COMMISSIONER LUDHIANA_IDA)","AMRINDER SINGH RAJA WARRING","LUDHIANA","8RCC Sitting Bench, Ward no-40 (New Ward no-34), Distt. Ludhiana","02-Jan-2025","44660","10-Feb-2025"
"210","Normal/Others","WS/MP18157/2024-2025/163214-Fitting of Sitting RCC Benches in Public Places","Punjab","LUDHIANA(DEPUTY COMMISSIONER LUDHIANA_IDA)","AMRINDER SINGH RAJA WARRING","LUDHIANA","8RCC Sitting Bench, Ward no-41 (New Ward no-38), Distt. Ludhiana","02-Jan-2025","44660","10-Feb-2025"
"211","Normal/Others","WS/MP18157/2024-2025/163216-Fitting of Sitting RCC Benches in Public Places","Punjab","LUDHIANA(DEPUTY COMMISSIONER LUDHIANA_IDA)","AMRINDER SINGH RAJA WARRING","LUDHIANA","8RCC Sitting Bench, Ward no-42 (New Ward no-39), Distt. Ludhiana","02-Jan-2025","44660","10-Feb-2025"
"212","Normal/Others","WS/MP18157/2024-2025/163218-Fitting of Sitting RCC Benches in Public Places","Punjab","LUDHIANA(DEPUTY COMMISSIONER LUDHIANA_IDA)","AMRINDER SINGH RAJA WARRING","LUDHIANA","8RCC Sitting Bench, Ward no-44 (New Ward no-41), Distt. Ludhiana","02-Jan-2025","44660","10-Feb-2025"
"213","Normal/Others","WS/MP18157/2024-2025/163219-Fitting of Sitting RCC Benches in Public Places","Punjab","LUDHIANA(DEPUTY COMMISSIONER LUDHIANA_IDA)","AMRINDER SINGH RAJA WARRING","LUDHIANA","8RCC Sitting Bench, Ward no-45 (New Ward no-50), Distt. Ludhiana","02-Jan-2025","44660","10-Feb-2025"
"214","Normal/Others","WS/MP18157/2024-2025/163220-Fitting of Sitting RCC Benches in Public Places","Punjab","LUDHIANA(DEPUTY COMMISSIONER LUDHIANA_IDA)","AMRINDER SINGH RAJA WARRING","LUDHIANA","8RCC Sitting Bench, Ward no-46 (New Ward no-42), Distt. Ludhiana","02-Jan-2025","44660","10-Feb-2025"
"215","Normal/Others","WS/MP18157/2024-2025/163221-Fitting of Sitting RCC Benches in Public Places","Punjab","LUDHIANA(DEPUTY COMMISSIONER LUDHIANA_IDA)","AMRINDER SINGH RAJA WARRING","LUDHIANA","8RCC Sitting Bench, Ward no-47 (New Ward no-48), Distt. Ludhiana","02-Jan-2025","44660","10-Feb-2025"
"216","Normal/Others","WS/MP18157/2024-2025/163223-Fitting of Sitting RCC Benches in Public Places","Punjab","LUDHIANA(DEPUTY COMMISSIONER LUDHIANA_IDA)","AMRINDER SINGH RAJA WARRING","LUDHIANA","8RCC Sitting Bench, Ward no-48 (New Ward no-43), Distt. Ludhiana","02-Jan-2025","44660","10-Feb-2025"
"217","Normal/Others","WS/MP18157/2024-2025/163225-Fitting of Sitting RCC Benches in Public Places","Punjab","LUDHIANA(DEPUTY COMMISSIONER LUDHIANA_IDA)","AMRINDER SINGH RAJA WARRING","LUDHIANA","9RCC Sitting Bench, Ward no-49 (New Ward no-44), Distt. Ludhiana","02-Jan-2025","50000","10-Feb-2025"
"218","Normal/Others","WS/MP18157/2024-2025/163227-Fitting of Sitting RCC Benches in Public Places","Punjab","LUDHIANA(DEPUTY COMMISSIONER LUDHIANA_IDA)","AMRINDER SINGH RAJA WARRING","LUDHIANA","9RCC Sitting Bench, Ward no-50 (New Ward no-43), Distt. Ludhiana","02-Jan-2025","50000","10-Feb-2025"
"219","Normal/Others","WS/MP18157/2024-2025/163229-Fitting of Sitting RCC Benches in Public Places","Punjab","LUDHIANA(DEPUTY COMMISSIONER LUDHIANA_IDA)","AMRINDER SINGH RAJA WARRING","LUDHIANA","9RCC Sitting Bench, Ward no-51 (New Ward no-46), Distt. Ludhiana","02-Jan-2025","50000","10-Feb-2025"
"220","Normal/Others","WS/MP18157/2024-2025/163231-Fitting of Sitting RCC Benches in Public Places","Punjab","LUDHIANA(DEPUTY COMMISSIONER LUDHIANA_IDA)","AMRINDER SINGH RAJA WARRING","LUDHIANA","9RCC Sitting Bench, Ward no-52 (New Ward no-47), Distt. Ludhiana","02-Jan-2025","50000","10-Feb-2025"
"221","Normal/Others","WS/MP18157/2026-2027/276671-Fitting of Sitting RCC Benches in Public Places","Punjab","LUDHIANA(DEPUTY COMMISSIONER LUDHIANA_IDA)","AMRINDER SINGH RAJA WARRING","LUDHIANA","4RCC Sitting Bench In Vill. Ghungrana, Block Pakhowal, Distt. Ludhiana","30-Mar-2026","20000","04-Aug-2026"
"222","Normal/Others","WS/MP18157/2026-2027/276675-Fitting of Sitting RCC Benches in Public Places","Punjab","LUDHIANA(DEPUTY COMMISSIONER LUDHIANA_IDA)","AMRINDER SINGH RAJA WARRING","LUDHIANA","6RCC Sitting Bench In Park of Vill. Boparai Kalan, Block Sudhar, Distt. Ludhiana","30-Mar-2026","25000","30-Jul-2026"
"223","Normal/Others","WS/MP18157/2026-2027/260367-Fitting of Sitting RCC Benches in Public Places","Punjab","LUDHIANA(DEPUTY COMMISSIONER LUDHIANA_IDA)","AMRINDER SINGH RAJA WARRING","LUDHIANA","Provisioning of RCC Sitting Bench in Park of Ward no. 46, Halka Atam Nagar, Distt. Ludhiana","20-Jan-2026","106000","09-Jul-2026"
"224","Normal/Others","WS/MP18157/2026-2027/260371-Fitting of Sitting RCC Benches in Public Places","Punjab","LUDHIANA(DEPUTY COMMISSIONER LUDHIANA_IDA)","AMRINDER SINGH RAJA WARRING","LUDHIANA","31RCC Sitting Bench in GTB Park, Ward no. 74, Halka Central, Distt. Ludhiana","20-Jan-2026","175000","19-May-2026"
"225","Normal/Others","WS/MP18157/2024-2025/172359-Security gates in streets/public place for safety purpose","Punjab","LUDHIANA(DEPUTY COMMISSIONER LUDHIANA_IDA)","AMRINDER SINGH RAJA WARRING","LUDHIANA","Installation of Convex Mirrors in Village Bhattian Bet, Block              Ludhiana-1, Distt. Ludhiana","04-Feb-2025","250000","17-Mar-2025"
"226","Normal/Others","NA-Construction of roads, link roads, pathways or any other road with or without drainage system","Punjab","SRI MUKTSAR SAHIB(DEPUTY COMMISSIONER SRI MUKTSAR SAHIB_IDA)","AMRINDER SINGH RAJA WARRING","LUDHIANA","Construction of Street by laying Interlock tiles with Drain From Main Road Phirni to house of Joginder Singh in Village Assa Buttar, Distt. Sri Muktsar Sahib.","28-Jan-2025","685000","NA"
"227","Normal/Others","NA-Construction of roads, link roads, pathways or any other road with or without drainage system","Punjab","SRI MUKTSAR SAHIB(DEPUTY COMMISSIONER SRI MUKTSAR SAHIB_IDA)","AMRINDER SINGH RAJA WARRING","LUDHIANA","Construction of Street by laying Interlock tiles From House of Jarnail Singh to house of Gurdas Singh via house of Jagseer Singh and house of Gagandeep Singh in Vill. Gurri Sangar Distt. Sri Muktsar Sahib","28-Jan-2025","575000","NA"
"228","Normal/Others","NA-Construction of roads, link roads, pathways or any other road with or without drainage system","Punjab","SRI MUKTSAR SAHIB(DEPUTY COMMISSIONER SRI MUKTSAR SAHIB_IDA)","AMRINDER SINGH RAJA WARRING","LUDHIANA","Construction of Street by laying Interlock tiles with Drain From Peori to Loolbai Road via house of Raja Singh in Village Peori, Distt. Sri Muktsar Sahib.","28-Jan-2025","410000","NA"
"229","Normal/Others","NA-Purchase of mobile water tankers","Punjab","SRI MUKTSAR SAHIB(DEPUTY COMMISSIONER SRI MUKTSAR SAHIB_IDA)","AMRINDER SINGH RAJA WARRING","LUDHIANA","Provisioning of 5000Lt Water tank with fire extinguisher at Village Warring, Constituency Sri Muktsar sahib, Distt. Sri Muktsar Sahib","12-Mar-2025","250000","NA"
"230","Normal/Others","NA-Construction of public irrigation facilities","Punjab","FAZILKA(DEPUTY COMMISSIONER FAZILKA_IDA)","AMRINDER SINGH RAJA WARRING","LUDHIANA","PVC pipes and other material for flood protection work in water-logged area of Vill. Khuia Sarwar, Distt. Fazilka","17-Sep-2025","249623","NA"
"231","Normal/Others","NA-Construction of roads, link roads, pathways or any other road with or without drainage system","Punjab","SRI MUKTSAR SAHIB(DEPUTY COMMISSIONER SRI MUKTSAR SAHIB_IDA)","AMRINDER SINGH RAJA WARRING","LUDHIANA","Construction of Street by laying Interlock tiles from Buttar Dharamshala to Nankana Pond, Vill. Chhattiana, Distt. Sri Muktsar Sahib","17-Sep-2025","300000","NA"
"232","Normal/Others","NA-Providing supply pipelines for drinking water","Punjab","SRI MUKTSAR SAHIB(DEPUTY COMMISSIONER SRI MUKTSAR SAHIB_IDA)","AMRINDER SINGH RAJA WARRING","LUDHIANA","Construction of water pipeline for lift pump From Harphul-Kulbir field to Harmeet Singh-Joginder field, Vill. Husnar, Distt. Sri Muktsar Sahib","17-Sep-2025","924000","NA"
"233","Normal/Others","NA-Construction of roads, link roads, pathways or any other road with or without drainage system","Punjab","SRI MUKTSAR SAHIB(DEPUTY COMMISSIONER SRI MUKTSAR SAHIB_IDA)","AMRINDER SINGH RAJA WARRING","LUDHIANA","Construction of Street by laying Interlock tiles From Dhulkot Mallan Chowk to Dhani Tarlochan Singh in Vill Mallan, Distt. Sri Muktsar Sahib","17-Sep-2025","550000","NA"
"234","Repair and Renovation","NA-Construction of common work sheds/ common covered sitting area","Punjab","SRI MUKTSAR SAHIB(DEPUTY COMMISSIONER SRI MUKTSAR SAHIB_IDA)","AMRINDER SINGH RAJA WARRING","LUDHIANA","Repair of Cremation Ground Ward no. 09, Gidderbaha, Distt. Sri Muktsar Sahib","17-Sep-2025","200000","NA"
"235","Normal/Others","NA-Construction of flood control embankments/ protection walls along riverbanks, hilltops, roadsides","Punjab","FEROZEPUR(DEPUTY COMMISSIONER FIROZEPUR_IDA)","AMRINDER SINGH RAJA WARRING","LUDHIANA","50 tons of annealed wire for strengthening the embankments of the Satluj river for flood prevention in Vill. Ruknewala Kalan, tehsil zira, block makhu, Distt. Ferozepur","22-Sep-2025","300000","NA"
"236","Normal/Others","NA-Installation of multi-gym equipment","Punjab","SRI MUKTSAR SAHIB(DEPUTY COMMISSIONER SRI MUKTSAR SAHIB_IDA)","AMRINDER SINGH RAJA WARRING","LUDHIANA","Provisioning of Indoor Gym Machines in Vill. Khokhar, Sri Muktsar Sahib","01-Dec-2025","300000","NA"
"237","Normal/Others","NA-Providing drains and gutters for public drainage","Punjab","SRI MUKTSAR SAHIB(DEPUTY COMMISSIONER SRI MUKTSAR SAHIB_IDA)","AMRINDER SINGH RAJA WARRING","LUDHIANA","Provision for cleaning of pond, construction of retaining wall, and lining work in In Village Babanian, Halka Gidderbaha, District Sri Muktsar Sahib.","09-Feb-2026","500000","NA"
"238","Normal/Others","NA-Purchase of non-conventional energy system and devices for community use","Punjab","SRI MUKTSAR SAHIB(DEPUTY COMMISSIONER SRI MUKTSAR SAHIB_IDA)","AMRINDER SINGH RAJA WARRING","LUDHIANA","Provision of New Generator In Ward no. 18, Halka Gidderbaha, District Sri Muktsar Sahib.","27-Mar-2026","500000","NA"
"239","Normal/Others","NA- Providing sports equipment, except consumable items","Punjab","JALANDHAR(DEPUTY COMMISSIONER JALANDHAR_IDA)","AMRINDER SINGH RAJA WARRING","LUDHIANA","Provisioning for purchase of table tennis table for hall at District sports office Complex in Hans Raj Stadium, Civil Lines Jalandhar","19-Jun-2026","500000","NA"
"240","Normal/Others","NA-Construction of roads, link roads, pathways or any other road with or without drainage system","Punjab","SRI MUKTSAR SAHIB(DEPUTY COMMISSIONER SRI MUKTSAR SAHIB_IDA)","AMRINDER SINGH RAJA WARRING","LUDHIANA","Construction of Street with interlocking tiles From house of Sukhdip Singh-Gurtej Singh to house of Gurpreet Singh-Harnek Singh, Vill. Kothe Phula Singh Wale, Kotli Ablu, Halka Gidderbaha, District Sri Muktsar Sahib.","23-Jun-2026","85000","NA"
"241","Normal/Others","NA-Purchase of mobile water tankers","Punjab","SRI MUKTSAR SAHIB(DEPUTY COMMISSIONER SRI MUKTSAR SAHIB_IDA)","AMRINDER SINGH RAJA WARRING","LUDHIANA","Provisioning of 5000Lt Mobile Water Tank In Swami Anant Prakash Gaushala, Vill. Kotli Ablu, Distt. Muktsar Sahib","12-Aug-2026","350000","NA"
"242","Normal/Others","NA-Purchase of mobile water tankers","Punjab","SRI MUKTSAR SAHIB(DEPUTY COMMISSIONER SRI MUKTSAR SAHIB_IDA)","AMRINDER SINGH RAJA WARRING","LUDHIANA","Provision of Sitting bench, Street lights & Drinking Water Tank at Baba Vahimi Peer, Chhattiana Play Ground in Vill. Chhattiana, Gidderbaha, Sri Muktsar Sahib.","18-Aug-2026","300000","NA"
"Grand Total"," "," "," "," "," "," "," "," "," ","9,32,19,872"
